63 | 0 2 12 76
63 | 0 2 12 77
63 | 0 2 13 78
63 | 0 2 13 79
63 | 0 2 14 76
63 | 0 2 14 78
63 | 0 2 15 77
63 | 0 2 15 79
73 | 0 2 24 46
73 | 0 2 24 47
72 | 0 2 25 46
72 | 0 2 25 47
75 | 0 2 26 44
75 | 0 2 26 45
74 | 0 2 27 44
74 | 0 2 27 45
65 | 0 2 32 46
65 | 0 2 32 47
64 | 0 2 33 46
64 | 0 2 33 47
67 | 0 2 34 44
67 | 0 2 34 45
66 | 0 2 35 44
66 | 0 2 35 45
62 | 0 3 12 76
62 | 0 3 12 77
62 | 0 3 13 78
62 | 0 3 13 79
62 | 0 3 14 76
62 | 0 3 14 78
62 | 0 3 15 77
62 | 0 3 15 79
69 | 0 3 24 46
69 | 0 3 24 47
68 | 0 3 25 46
68 | 0 3 25 47
71 | 0 3 26 44
71 | 0 3 26 45
70 | 0 3 27 44
70 | 0 3 27 45
65 | 0 3 28 46
65 | 0 3 28 47
64 | 0 3 29 46
64 | 0 3 29 47
67 | 0 3 30 44
67 | 0 3 30 45
66 | 0 3 31 44
66 | 0 3 31 45
65 | 0 4 10 70
65 | 0 4 10 71
65 | 0 4 11 74
65 | 0 4 11 75
65 | 0 4 14 70
65 | 0 4 14 74
65 | 0 4 15 71
65 | 0 4 15 75
73 | 0 4 22 46
73 | 0 4 22 47
69 | 0 4 23 46
69 | 0 4 23 47
79 | 0 4 26 42
79 | 0 4 26 43
78 | 0 4 27 42
78 | 0 4 27 43
63 | 0 4 29 46
63 | 0 4 29 47
62 | 0 4 33 46
62 | 0 4 33 47
67 | 0 4 38 42
67 | 0 4 38 43
66 | 0 4 39 42
66 | 0 4 39 43
64 | 0 5 10 70
64 | 0 5 10 71
64 | 0 5 11 74
64 | 0 5 11 75
64 | 0 5 14 70
64 | 0 5 14 74
64 | 0 5 15 71
64 | 0 5 15 75
72 | 0 5 22 46
72 | 0 5 22 47
68 | 0 5 23 46
68 | 0 5 23 47
77 | 0 5 26 42
77 | 0 5 26 43
76 | 0 5 27 42
76 | 0 5 27 43
63 | 0 5 28 46
63 | 0 5 28 47
62 | 0 5 32 46
62 | 0 5 32 47
67 | 0 5 36 42
67 | 0 5 36 43
66 | 0 5 37 42
66 | 0 5 37 43
67 | 0 6 10 68
67 | 0 6 10 69
67 | 0 6 11 72
67 | 0 6 11 73
67 | 0 6 12 68
67 | 0 6 12 72
67 | 0 6 13 69
67 | 0 6 13 73
75 | 0 6 22 44
75 | 0 6 22 45
71 | 0 6 23 44
71 | 0 6 23 45
79 | 0 6 24 42
79 | 0 6 24 43
77 | 0 6 25 42
77 | 0 6 25 43
63 | 0 6 31 44
63 | 0 6 31 45
62 | 0 6 35 44
62 | 0 6 35 45
65 | 0 6 37 42
65 | 0 6 37 43
64 | 0 6 39 42
64 | 0 6 39 43
66 | 0 7 10 68
66 | 0 7 10 69
66 | 0 7 11 72
66 | 0 7 11 73
66 | 0 7 12 68
66 | 0 7 12 72
66 | 0 7 13 69
66 | 0 7 13 73
74 | 0 7 22 44
74 | 0 7 22 45
70 | 0 7 23 44
70 | 0 7 23 45
78 | 0 7 24 42
78 | 0 7 24 43
76 | 0 7 25 42
76 | 0 7 25 43
63 | 0 7 30 44
63 | 0 7 30 45
62 | 0 7 34 44
62 | 0 7 34 45
65 | 0 7 36 42
65 | 0 7 36 43
64 | 0 7 38 42
64 | 0 7 38 43
65 | 0 8 28 70
65 | 0 8 28 71
63 | 0 8 28 76
63 | 0 8 28 77
64 | 0 8 29 70
64 | 0 8 29 71
63 | 0 8 29 78
63 | 0 8 29 79
67 | 0 8 30 68
67 | 0 8 30 69
63 | 0 8 30 76
63 | 0 8 30 78
66 | 0 8 31 68
66 | 0 8 31 69
63 | 0 8 31 77
63 | 0 8 31 79
65 | 0 8 32 74
65 | 0 8 32 75
62 | 0 8 32 76
62 | 0 8 32 77
64 | 0 8 33 74
64 | 0 8 33 75
62 | 0 8 33 78
62 | 0 8 33 79
67 | 0 8 34 72
67 | 0 8 34 73
62 | 0 8 34 76
62 | 0 8 34 78
66 | 0 8 35 72
66 | 0 8 35 73
62 | 0 8 35 77
62 | 0 8 35 79
67 | 0 8 36 68
65 | 0 8 36 70
67 | 0 8 36 72
65 | 0 8 36 74
66 | 0 8 37 68
65 | 0 8 37 71
66 | 0 8 37 72
65 | 0 8 37 75
67 | 0 8 38 69
64 | 0 8 38 70
67 | 0 8 38 73
64 | 0 8 38 74
66 | 0 8 39 69
64 | 0 8 39 71
66 | 0 8 39 73
64 | 0 8 39 75
73 | 0 10 12 60
73 | 0 10 12 61
72 | 0 10 13 60
72 | 0 10 13 61
75 | 0 10 14 58
75 | 0 10 14 59
74 | 0 10 15 58
74 | 0 10 15 59
73 | 0 10 18 60
73 | 0 10 18 61
72 | 0 10 19 60
72 | 0 10 19 61
75 | 0 10 20 58
75 | 0 10 20 59
74 | 0 10 21 58
74 | 0 10 21 59
36 | 0 10 24 34
37 | 0 10 24 35
30 | 0 10 24 38
31 | 0 10 24 39
38 | 0 10 25 34
39 | 0 10 25 35
30 | 0 10 25 36
31 | 0 10 25 37
36 | 0 10 26 32
38 | 0 10 26 33
28 | 0 10 26 37
29 | 0 10 26 39
37 | 0 10 27 32
39 | 0 10 27 33
28 | 0 10 27 36
29 | 0 10 27 38
65 | 0 10 28 70
65 | 0 10 28 71
64 | 0 10 29 70
64 | 0 10 29 71
67 | 0 10 30 68
67 | 0 10 30 69
66 | 0 10 31 68
66 | 0 10 31 69
20 | 0 10 32 38
21 | 0 10 32 39
20 | 0 10 33 36
21 | 0 10 33 37
18 | 0 10 34 37
19 | 0 10 34 39
18 | 0 10 35 36
19 | 0 10 35 38
75 | 0 10 36 58
73 | 0 10 36 60
67 | 0 10 36 68
65 | 0 10 36 70
74 | 0 10 37 58
73 | 0 10 37 61
66 | 0 10 37 68
65 | 0 10 37 71
75 | 0 10 38 59
72 | 0 10 38 60
67 | 0 10 38 69
64 | 0 10 38 70
74 | 0 10 39 59
72 | 0 10 39 61
66 | 0 10 39 69
64 | 0 10 39 71
69 | 0 11 12 60
69 | 0 11 12 61
68 | 0 11 13 60
68 | 0 11 13 61
71 | 0 11 14 58
71 | 0 11 14 59
70 | 0 11 15 58
70 | 0 11 15 59
69 | 0 11 18 60
69 | 0 11 18 61
68 | 0 11 19 60
68 | 0 11 19 61
71 | 0 11 20 58
71 | 0 11 20 59
70 | 0 11 21 58
70 | 0 11 21 59
36 | 0 11 24 30
37 | 0 11 24 31
34 | 0 11 24 38
35 | 0 11 24 39
38 | 0 11 25 30
39 | 0 11 25 31
34 | 0 11 25 36
35 | 0 11 25 37
36 | 0 11 26 28
38 | 0 11 26 29
32 | 0 11 26 37
33 | 0 11 26 39
37 | 0 11 27 28
39 | 0 11 27 29
32 | 0 11 27 36
33 | 0 11 27 38
20 | 0 11 28 38
21 | 0 11 28 39
20 | 0 11 29 36
21 | 0 11 29 37
18 | 0 11 30 37
19 | 0 11 30 39
18 | 0 11 31 36
19 | 0 11 31 38
65 | 0 11 32 74
65 | 0 11 32 75
64 | 0 11 33 74
64 | 0 11 33 75
67 | 0 11 34 72
67 | 0 11 34 73
66 | 0 11 35 72
66 | 0 11 35 73
71 | 0 11 36 58
69 | 0 11 36 60
67 | 0 11 36 72
65 | 0 11 36 74
70 | 0 11 37 58
69 | 0 11 37 61
66 | 0 11 37 72
65 | 0 11 37 75
71 | 0 11 38 59
68 | 0 11 38 60
67 | 0 11 38 73
64 | 0 11 38 74
70 | 0 11 39 59
68 | 0 11 39 61
66 | 0 11 39 73
64 | 0 11 39 75
79 | 0 12 14 56
79 | 0 12 14 57
78 | 0 12 15 56
78 | 0 12 15 57
73 | 0 12 16 60
73 | 0 12 16 61
69 | 0 12 17 60
69 | 0 12 17 61
79 | 0 12 20 56
79 | 0 12 20 57
78 | 0 12 21 56
78 | 0 12 21 57
36 | 0 12 22 34
37 | 0 12 22 35
30 | 0 12 22 38
31 | 0 12 22 39
36 | 0 12 23 30
37 | 0 12 23 31
34 | 0 12 23 38
35 | 0 12 23 39
30 | 0 12 26 29
28 | 0 12 26 31
34 | 0 12 26 33
32 | 0 12 26 35
31 | 0 12 27 29
28 | 0 12 27 30
35 | 0 12 27 33
32 | 0 12 27 34
63 | 0 12 28 76
63 | 0 12 28 77
20 | 0 12 29 34
21 | 0 12 29 35
20 | 0 12 30 33
16 | 0 12 30 39
79 | 0 12 30 56
73 | 0 12 30 60
67 | 0 12 30 68
63 | 0 12 30 76
21 | 0 12 31 33
16 | 0 12 31 38
78 | 0 12 31 56
73 | 0 12 31 61
66 | 0 12 31 68
63 | 0 12 31 77
62 | 0 12 32 76
62 | 0 12 32 77
17 | 0 12 34 39
79 | 0 12 34 57
69 | 0 12 34 60
67 | 0 12 34 72
62 | 0 12 34 76
17 | 0 12 35 38
78 | 0 12 35 57
69 | 0 12 35 61
66 | 0 12 35 72
62 | 0 12 35 77
67 | 0 12 36 68
67 | 0 12 36 72
66 | 0 12 37 68
66 | 0 12 37 72
77 | 0 13 14 56
77 | 0 13 14 57
76 | 0 13 15 56
76 | 0 13 15 57
72 | 0 13 16 60
72 | 0 13 16 61
68 | 0 13 17 60
68 | 0 13 17 61
77 | 0 13 20 56
77 | 0 13 20 57
76 | 0 13 21 56
76 | 0 13 21 57
38 | 0 13 22 34
39 | 0 13 22 35
30 | 0 13 22 36
31 | 0 13 22 37
38 | 0 13 23 30
39 | 0 13 23 31
34 | 0 13 23 36
35 | 0 13 23 37
30 | 0 13 26 28
29 | 0 13 26 31
34 | 0 13 26 32
33 | 0 13 26 35
31 | 0 13 27 28
29 | 0 13 27 30
35 | 0 13 27 32
33 | 0 13 27 34
20 | 0 13 28 34
21 | 0 13 28 35
63 | 0 13 29 78
63 | 0 13 29 79
20 | 0 13 30 32
16 | 0 13 30 37
77 | 0 13 30 56
72 | 0 13 30 60
67 | 0 13 30 69
63 | 0 13 30 78
21 | 0 13 31 32
16 | 0 13 31 36
76 | 0 13 31 56
72 | 0 13 31 61
66 | 0 13 31 69
63 | 0 13 31 79
62 | 0 13 33 78
62 | 0 13 33 79
17 | 0 13 34 37
77 | 0 13 34 57
68 | 0 13 34 60
67 | 0 13 34 73
62 | 0 13 34 78
17 | 0 13 35 36
76 | 0 13 35 57
68 | 0 13 35 61
66 | 0 13 35 73
62 | 0 13 35 79
67 | 0 13 38 69
67 | 0 13 38 73
66 | 0 13 39 69
66 | 0 13 39 73
75 | 0 14 16 58
75 | 0 14 16 59
71 | 0 14 17 58
71 | 0 14 17 59
79 | 0 14 18 56
79 | 0 14 18 57
77 | 0 14 19 56
77 | 0 14 19 57
36 | 0 14 22 32
38 | 0 14 22 33
28 | 0 14 22 37
29 | 0 14 22 39
36 | 0 14 23 28
38 | 0 14 23 29
32 | 0 14 23 37
33 | 0 14 23 39
30 | 0 14 24 29
28 | 0 14 24 31
34 | 0 14 24 33
32 | 0 14 24 35
30 | 0 14 25 28
29 | 0 14 25 31
34 | 0 14 25 32
33 | 0 14 25 35
18 | 0 14 28 35
16 | 0 14 28 39
79 | 0 14 28 56
75 | 0 14 28 58
65 | 0 14 28 70
63 | 0 14 28 76
19 | 0 14 29 35
16 | 0 14 29 37
77 | 0 14 29 56
75 | 0 14 29 59
64 | 0 14 29 70
63 | 0 14 29 78
63 | 0 14 30 76
63 | 0 14 30 78
18 | 0 14 31 32
19 | 0 14 31 33
17 | 0 14 32 39
79 | 0 14 32 57
71 | 0 14 32 58
65 | 0 14 32 74
62 | 0 14 32 76
17 | 0 14 33 37
77 | 0 14 33 57
71 | 0 14 33 59
64 | 0 14 33 74
62 | 0 14 33 78
62 | 0 14 34 76
62 | 0 14 34 78
65 | 0 14 36 70
65 | 0 14 36 74
64 | 0 14 38 70
64 | 0 14 38 74
74 | 0 15 16 58
74 | 0 15 16 59
70 | 0 15 17 58
70 | 0 15 17 59
78 | 0 15 18 56
78 | 0 15 18 57
76 | 0 15 19 56
76 | 0 15 19 57
37 | 0 15 22 32
39 | 0 15 22 33
28 | 0 15 22 36
29 | 0 15 22 38
37 | 0 15 23 28
39 | 0 15 23 29
32 | 0 15 23 36
33 | 0 15 23 38
31 | 0 15 24 29
28 | 0 15 24 30
35 | 0 15 24 33
32 | 0 15 24 34
31 | 0 15 25 28
29 | 0 15 25 30
35 | 0 15 25 32
33 | 0 15 25 34
18 | 0 15 28 34
16 | 0 15 28 38
78 | 0 15 28 56
74 | 0 15 28 58
65 | 0 15 28 71
63 | 0 15 28 77
19 | 0 15 29 34
16 | 0 15 29 36
76 | 0 15 29 56
74 | 0 15 29 59
64 | 0 15 29 71
63 | 0 15 29 79
18 | 0 15 30 32
19 | 0 15 30 33
63 | 0 15 31 77
63 | 0 15 31 79
17 | 0 15 32 38
78 | 0 15 32 57
70 | 0 15 32 58
65 | 0 15 32 75
62 | 0 15 32 77
17 | 0 15 33 36
76 | 0 15 33 57
70 | 0 15 33 59
64 | 0 15 33 75
62 | 0 15 33 79
62 | 0 15 35 77
62 | 0 15 35 79
65 | 0 15 37 71
65 | 0 15 37 75
64 | 0 15 39 71
64 | 0 15 39 75
51 | 0 16 24 76
51 | 0 16 24 77
51 | 0 16 25 78
51 | 0 16 25 79
51 | 0 16 26 76
51 | 0 16 26 78
51 | 0 16 27 77
51 | 0 16 27 79
53 | 0 16 32 60
53 | 0 16 32 61
52 | 0 16 33 60
52 | 0 16 33 61
55 | 0 16 34 58
55 | 0 16 34 59
54 | 0 16 35 58
54 | 0 16 35 59
50 | 0 17 24 76
50 | 0 17 24 77
50 | 0 17 25 78
50 | 0 17 25 79
50 | 0 17 26 76
50 | 0 17 26 78
50 | 0 17 27 77
50 | 0 17 27 79
53 | 0 17 28 60
53 | 0 17 28 61
52 | 0 17 29 60
52 | 0 17 29 61
55 | 0 17 30 58
55 | 0 17 30 59
54 | 0 17 31 58
54 | 0 17 31 59
53 | 0 18 22 70
53 | 0 18 22 71
53 | 0 18 23 74
53 | 0 18 23 75
53 | 0 18 26 70
53 | 0 18 26 74
53 | 0 18 27 71
53 | 0 18 27 75
51 | 0 18 29 60
51 | 0 18 29 61
50 | 0 18 33 60
50 | 0 18 33 61
55 | 0 18 38 56
55 | 0 18 38 57
54 | 0 18 39 56
54 | 0 18 39 57
52 | 0 19 22 70
52 | 0 19 22 71
52 | 0 19 23 74
52 | 0 19 23 75
52 | 0 19 26 70
52 | 0 19 26 74
52 | 0 19 27 71
52 | 0 19 27 75
51 | 0 19 28 60
51 | 0 19 28 61
50 | 0 19 32 60
50 | 0 19 32 61
55 | 0 19 36 56
55 | 0 19 36 57
54 | 0 19 37 56
54 | 0 19 37 57
55 | 0 20 22 68
55 | 0 20 22 69
55 | 0 20 23 72
55 | 0 20 23 73
55 | 0 20 24 68
55 | 0 20 24 72
55 | 0 20 25 69
55 | 0 20 25 73
51 | 0 20 31 58
51 | 0 20 31 59
50 | 0 20 35 58
50 | 0 20 35 59
53 | 0 20 37 56
53 | 0 20 37 57
52 | 0 20 39 56
52 | 0 20 39 57
54 | 0 21 22 68
54 | 0 21 22 69
54 | 0 21 23 72
54 | 0 21 23 73
54 | 0 21 24 68
54 | 0 21 24 72
54 | 0 21 25 69
54 | 0 21 25 73
51 | 0 21 30 58
51 | 0 21 30 59
50 | 0 21 34 58
50 | 0 21 34 59
53 | 0 21 36 56
53 | 0 21 36 57
52 | 0 21 38 56
52 | 0 21 38 57
73 | 0 22 24 46
73 | 0 22 24 47
72 | 0 22 25 46
72 | 0 22 25 47
75 | 0 22 26 44
75 | 0 22 26 45
74 | 0 22 27 44
74 | 0 22 27 45
53 | 0 22 28 70
53 | 0 22 28 71
52 | 0 22 29 70
52 | 0 22 29 71
55 | 0 22 30 68
55 | 0 22 30 69
54 | 0 22 31 68
54 | 0 22 31 69
6 | 0 22 32 38
7 | 0 22 32 39
6 | 0 22 33 36
7 | 0 22 33 37
4 | 0 22 34 37
5 | 0 22 34 39
4 | 0 22 35 36
5 | 0 22 35 38
75 | 0 22 36 44
73 | 0 22 36 46
55 | 0 22 36 68
53 | 0 22 36 70
74 | 0 22 37 44
73 | 0 22 37 47
54 | 0 22 37 68
53 | 0 22 37 71
75 | 0 22 38 45
72 | 0 22 38 46
55 | 0 22 38 69
52 | 0 22 38 70
74 | 0 22 39 45
72 | 0 22 39 47
54 | 0 22 39 69
52 | 0 22 39 71
69 | 0 23 24 46
69 | 0 23 24 47
68 | 0 23 25 46
68 | 0 23 25 47
71 | 0 23 26 44
71 | 0 23 26 45
70 | 0 23 27 44
70 | 0 23 27 45
6 | 0 23 28 38
7 | 0 23 28 39
6 | 0 23 29 36
7 | 0 23 29 37
4 | 0 23 30 37
5 | 0 23 30 39
4 | 0 23 31 36
5 | 0 23 31 38
53 | 0 23 32 74
53 | 0 23 32 75
52 | 0 23 33 74
52 | 0 23 33 75
55 | 0 23 34 72
55 | 0 23 34 73
54 | 0 23 35 72
54 | 0 23 35 73
71 | 0 23 36 44
69 | 0 23 36 46
55 | 0 23 36 72
53 | 0 23 36 74
70 | 0 23 37 44
69 | 0 23 37 47
54 | 0 23 37 72
53 | 0 23 37 75
71 | 0 23 38 45
68 | 0 23 38 46
55 | 0 23 38 73
52 | 0 23 38 74
70 | 0 23 39 45
68 | 0 23 39 47
54 | 0 23 39 73
52 | 0 23 39 75
79 | 0 24 26 42
79 | 0 24 26 43
78 | 0 24 27 42
78 | 0 24 27 43
51 | 0 24 28 76
51 | 0 24 28 77
6 | 0 24 29 34
7 | 0 24 29 35
6 | 0 24 30 33
2 | 0 24 30 39
79 | 0 24 30 42
73 | 0 24 30 46
55 | 0 24 30 68
51 | 0 24 30 76
7 | 0 24 31 33
2 | 0 24 31 38
78 | 0 24 31 42
73 | 0 24 31 47
54 | 0 24 31 68
51 | 0 24 31 77
50 | 0 24 32 76
50 | 0 24 32 77
3 | 0 24 34 39
79 | 0 24 34 43
69 | 0 24 34 46
55 | 0 24 34 72
50 | 0 24 34 76
3 | 0 24 35 38
78 | 0 24 35 43
69 | 0 24 35 47
54 | 0 24 35 72
50 | 0 24 35 77
55 | 0 24 36 68
55 | 0 24 36 72
54 | 0 24 37 68
54 | 0 24 37 72
77 | 0 25 26 42
77 | 0 25 26 43
76 | 0 25 27 42
76 | 0 25 27 43
6 | 0 25 28 34
7 | 0 25 28 35
51 | 0 25 29 78
51 | 0 25 29 79
6 | 0 25 30 32
2 | 0 25 30 37
77 | 0 25 30 42
72 | 0 25 30 46
55 | 0 25 30 69
51 | 0 25 30 78
7 | 0 25 31 32
2 | 0 25 31 36
76 | 0 25 31 42
72 | 0 25 31 47
54 | 0 25 31 69
51 | 0 25 31 79
50 | 0 25 33 78
50 | 0 25 33 79
3 | 0 25 34 37
77 | 0 25 34 43
68 | 0 25 34 46
55 | 0 25 34 73
50 | 0 25 34 78
3 | 0 25 35 36
76 | 0 25 35 43
68 | 0 25 35 47
54 | 0 25 35 73
50 | 0 25 35 79
55 | 0 25 38 69
55 | 0 25 38 73
54 | 0 25 39 69
54 | 0 25 39 73
4 | 0 26 28 35
2 | 0 26 28 39
79 | 0 26 28 42
75 | 0 26 28 44
53 | 0 26 28 70
51 | 0 26 28 76
5 | 0 26 29 35
2 | 0 26 29 37
77 | 0 26 29 42
75 | 0 26 29 45
52 | 0 26 29 70
51 | 0 26 29 78
51 | 0 26 30 76
51 | 0 26 30 78
4 | 0 26 31 32
5 | 0 26 31 33
3 | 0 26 32 39
79 | 0 26 32 43
71 | 0 26 32 44
53 | 0 26 32 74
50 | 0 26 32 76
3 | 0 26 33 37
77 | 0 26 33 43
71 | 0 26 33 45
52 | 0 26 33 74
50 | 0 26 33 78
50 | 0 26 34 76
50 | 0 26 34 78
53 | 0 26 36 70
53 | 0 26 36 74
52 | 0 26 38 70
52 | 0 26 38 74
4 | 0 27 28 34
2 | 0 27 28 38
78 | 0 27 28 42
74 | 0 27 28 44
53 | 0 27 28 71
51 | 0 27 28 77
5 | 0 27 29 34
2 | 0 27 29 36
76 | 0 27 29 42
74 | 0 27 29 45
52 | 0 27 29 71
51 | 0 27 29 79
4 | 0 27 30 32
5 | 0 27 30 33
51 | 0 27 31 77
51 | 0 27 31 79
3 | 0 27 32 38
78 | 0 27 32 43
70 | 0 27 32 44
53 | 0 27 32 75
50 | 0 27 32 77
3 | 0 27 33 36
76 | 0 27 33 43
70 | 0 27 33 45
52 | 0 27 33 75
50 | 0 27 33 79
50 | 0 27 35 77
50 | 0 27 35 79
53 | 0 27 37 71
53 | 0 27 37 75
52 | 0 27 39 71
52 | 0 27 39 75
65 | 0 28 32 46
65 | 0 28 32 47
53 | 0 28 32 60
53 | 0 28 32 61
67 | 0 28 34 44
65 | 0 28 34 46
55 | 0 28 34 58
53 | 0 28 34 60
66 | 0 28 35 44
65 | 0 28 35 47
54 | 0 28 35 58
53 | 0 28 35 61
67 | 0 28 38 42
63 | 0 28 38 46
55 | 0 28 38 56
51 | 0 28 38 60
66 | 0 28 39 42
63 | 0 28 39 47
54 | 0 28 39 56
51 | 0 28 39 61
64 | 0 29 33 46
64 | 0 29 33 47
52 | 0 29 33 60
52 | 0 29 33 61
67 | 0 29 34 45
64 | 0 29 34 46
55 | 0 29 34 59
52 | 0 29 34 60
66 | 0 29 35 45
64 | 0 29 35 47
54 | 0 29 35 59
52 | 0 29 35 61
67 | 0 29 36 42
63 | 0 29 36 46
55 | 0 29 36 56
51 | 0 29 36 60
66 | 0 29 37 42
63 | 0 29 37 47
54 | 0 29 37 56
51 | 0 29 37 61
67 | 0 30 32 44
65 | 0 30 32 46
55 | 0 30 32 58
53 | 0 30 32 60
67 | 0 30 33 45
64 | 0 30 33 46
55 | 0 30 33 59
52 | 0 30 33 60
67 | 0 30 34 44
67 | 0 30 34 45
55 | 0 30 34 58
55 | 0 30 34 59
65 | 0 30 37 42
63 | 0 30 37 44
53 | 0 30 37 56
51 | 0 30 37 58
64 | 0 30 39 42
63 | 0 30 39 45
52 | 0 30 39 56
51 | 0 30 39 59
66 | 0 31 32 44
65 | 0 31 32 47
54 | 0 31 32 58
53 | 0 31 32 61
66 | 0 31 33 45
64 | 0 31 33 47
54 | 0 31 33 59
52 | 0 31 33 61
66 | 0 31 35 44
66 | 0 31 35 45
54 | 0 31 35 58
54 | 0 31 35 59
65 | 0 31 36 42
63 | 0 31 36 44
53 | 0 31 36 56
51 | 0 31 36 58
64 | 0 31 38 42
63 | 0 31 38 45
52 | 0 31 38 56
51 | 0 31 38 59
67 | 0 32 38 43
62 | 0 32 38 46
55 | 0 32 38 57
50 | 0 32 38 60
66 | 0 32 39 43
62 | 0 32 39 47
54 | 0 32 39 57
50 | 0 32 39 61
67 | 0 33 36 43
62 | 0 33 36 46
55 | 0 33 36 57
50 | 0 33 36 60
66 | 0 33 37 43
62 | 0 33 37 47
54 | 0 33 37 57
50 | 0 33 37 61
65 | 0 34 37 43
62 | 0 34 37 44
53 | 0 34 37 57
50 | 0 34 37 58
64 | 0 34 39 43
62 | 0 34 39 45
52 | 0 34 39 57
50 | 0 34 39 59
65 | 0 35 36 43
62 | 0 35 36 44
53 | 0 35 36 57
50 | 0 35 36 58
64 | 0 35 38 43
62 | 0 35 38 45
52 | 0 35 38 57
50 | 0 35 38 59
67 | 0 36 38 42
67 | 0 36 38 43
55 | 0 36 38 56
55 | 0 36 38 57
66 | 0 37 39 42
66 | 0 37 39 43
54 | 0 37 39 56
54 | 0 37 39 57
57 | 1 2 12 76
57 | 1 2 12 77
57 | 1 2 13 78
57 | 1 2 13 79
57 | 1 2 14 76
57 | 1 2 14 78
57 | 1 2 15 77
57 | 1 2 15 79
73 | 1 2 18 46
73 | 1 2 18 47
72 | 1 2 19 46
72 | 1 2 19 47
75 | 1 2 20 44
75 | 1 2 20 45
74 | 1 2 21 44
74 | 1 2 21 45
59 | 1 2 32 46
59 | 1 2 32 47
58 | 1 2 33 46
58 | 1 2 33 47
61 | 1 2 34 44
61 | 1 2 34 45
60 | 1 2 35 44
60 | 1 2 35 45
56 | 1 3 12 76
56 | 1 3 12 77
56 | 1 3 13 78
56 | 1 3 13 79
56 | 1 3 14 76
56 | 1 3 14 78
56 | 1 3 15 77
56 | 1 3 15 79
69 | 1 3 18 46
69 | 1 3 18 47
68 | 1 3 19 46
68 | 1 3 19 47
71 | 1 3 20 44
71 | 1 3 20 45
70 | 1 3 21 44
70 | 1 3 21 45
59 | 1 3 28 46
59 | 1 3 28 47
58 | 1 3 29 46
58 | 1 3 29 47
61 | 1 3 30 44
61 | 1 3 30 45
60 | 1 3 31 44
60 | 1 3 31 45
59 | 1 4 10 70
59 | 1 4 10 71
59 | 1 4 11 74
59 | 1 4 11 75
59 | 1 4 14 70
59 | 1 4 14 74
59 | 1 4 15 71
59 | 1 4 15 75
73 | 1 4 16 46
73 | 1 4 16 47
69 | 1 4 17 46
69 | 1 4 17 47
79 | 1 4 20 42
79 | 1 4 20 43
78 | 1 4 21 42
78 | 1 4 21 43
57 | 1 4 29 46
57 | 1 4 29 47
56 | 1 4 33 46
56 | 1 4 33 47
61 | 1 4 38 42
61 | 1 4 38 43
60 | 1 4 39 42
60 | 1 4 39 43
58 | 1 5 10 70
58 | 1 5 10 71
58 | 1 5 11 74
58 | 1 5 11 75
58 | 1 5 14 70
58 | 1 5 14 74
58 | 1 5 15 71
58 | 1 5 15 75
72 | 1 5 16 46
72 | 1 5 16 47
68 | 1 5 17 46
68 | 1 5 17 47
77 | 1 5 20 42
77 | 1 5 20 43
76 | 1 5 21 42
76 | 1 5 21 43
57 | 1 5 28 46
57 | 1 5 28 47
56 | 1 5 32 46
56 | 1 5 32 47
61 | 1 5 36 42
61 | 1 5 36 43
60 | 1 5 37 42
60 | 1 5 37 43
61 | 1 6 10 68
61 | 1 6 10 69
61 | 1 6 11 72
61 | 1 6 11 73
61 | 1 6 12 68
61 | 1 6 12 72
61 | 1 6 13 69
61 | 1 6 13 73
75 | 1 6 16 44
75 | 1 6 16 45
71 | 1 6 17 44
71 | 1 6 17 45
79 | 1 6 18 42
79 | 1 6 18 43
77 | 1 6 19 42
77 | 1 6 19 43
57 | 1 6 31 44
57 | 1 6 31 45
56 | 1 6 35 44
56 | 1 6 35 45
59 | 1 6 37 42
59 | 1 6 37 43
58 | 1 6 39 42
58 | 1 6 39 43
60 | 1 7 10 68
60 | 1 7 10 69
60 | 1 7 11 72
60 | 1 7 11 73
60 | 1 7 12 68
60 | 1 7 12 72
60 | 1 7 13 69
60 | 1 7 13 73
74 | 1 7 16 44
74 | 1 7 16 45
70 | 1 7 17 44
70 | 1 7 17 45
78 | 1 7 18 42
78 | 1 7 18 43
76 | 1 7 19 42
76 | 1 7 19 43
57 | 1 7 30 44
57 | 1 7 30 45
56 | 1 7 34 44
56 | 1 7 34 45
59 | 1 7 36 42
59 | 1 7 36 43
58 | 1 7 38 42
58 | 1 7 38 43
59 | 1 9 28 70
59 | 1 9 28 71
57 | 1 9 28 76
57 | 1 9 28 77
58 | 1 9 29 70
58 | 1 9 29 71
57 | 1 9 29 78
57 | 1 9 29 79
61 | 1 9 30 68
61 | 1 9 30 69
57 | 1 9 30 76
57 | 1 9 30 78
60 | 1 9 31 68
60 | 1 9 31 69
57 | 1 9 31 77
57 | 1 9 31 79
59 | 1 9 32 74
59 | 1 9 32 75
56 | 1 9 32 76
56 | 1 9 32 77
58 | 1 9 33 74
58 | 1 9 33 75
56 | 1 9 33 78
56 | 1 9 33 79
61 | 1 9 34 72
61 | 1 9 34 73
56 | 1 9 34 76
56 | 1 9 34 78
60 | 1 9 35 72
60 | 1 9 35 73
56 | 1 9 35 77
56 | 1 9 35 79
61 | 1 9 36 68
59 | 1 9 36 70
61 | 1 9 36 72
59 | 1 9 36 74
60 | 1 9 37 68
59 | 1 9 37 71
60 | 1 9 37 72
59 | 1 9 37 75
61 | 1 9 38 69
58 | 1 9 38 70
61 | 1 9 38 73
58 | 1 9 38 74
60 | 1 9 39 69
58 | 1 9 39 71
60 | 1 9 39 73
58 | 1 9 39 75
73 | 1 10 12 66
73 | 1 10 12 67
72 | 1 10 13 66
72 | 1 10 13 67
75 | 1 10 14 64
75 | 1 10 14 65
74 | 1 10 15 64
74 | 1 10 15 65
36 | 1 10 18 34
37 | 1 10 18 35
30 | 1 10 18 38
31 | 1 10 18 39
38 | 1 10 19 34
39 | 1 10 19 35
30 | 1 10 19 36
31 | 1 10 19 37
36 | 1 10 20 32
38 | 1 10 20 33
28 | 1 10 20 37
29 | 1 10 20 39
37 | 1 10 21 32
39 | 1 10 21 33
28 | 1 10 21 36
29 | 1 10 21 38
73 | 1 10 24 66
73 | 1 10 24 67
72 | 1 10 25 66
72 | 1 10 25 67
75 | 1 10 26 64
75 | 1 10 26 65
74 | 1 10 27 64
74 | 1 10 27 65
59 | 1 10 28 70
59 | 1 10 28 71
58 | 1 10 29 70
58 | 1 10 29 71
61 | 1 10 30 68
61 | 1 10 30 69
60 | 1 10 31 68
60 | 1 10 31 69
26 | 1 10 32 38
27 | 1 10 32 39
26 | 1 10 33 36
27 | 1 10 33 37
24 | 1 10 34 37
25 | 1 10 34 39
24 | 1 10 35 36
25 | 1 10 35 38
75 | 1 10 36 64
73 | 1 10 36 66
61 | 1 10 36 68
59 | 1 10 36 70
74 | 1 10 37 64
73 | 1 10 37 67
60 | 1 10 37 68
59 | 1 10 37 71
75 | 1 10 38 65
72 | 1 10 38 66
61 | 1 10 38 69
58 | 1 10 38 70
74 | 1 10 39 65
72 | 1 10 39 67
60 | 1 10 39 69
58 | 1 10 39 71
69 | 1 11 12 66
69 | 1 11 12 67
68 | 1 11 13 66
68 | 1 11 13 67
71 | 1 11 14 64
71 | 1 11 14 65
70 | 1 11 15 64
70 | 1 11 15 65
36 | 1 11 18 30
37 | 1 11 18 31
34 | 1 11 18 38
35 | 1 11 18 39
38 | 1 11 19 30
39 | 1 11 19 31
34 | 1 11 19 36
35 | 1 11 19 37
36 | 1 11 20 28
38 | 1 11 20 29
32 | 1 11 20 37
33 | 1 11 20 39
37 | 1 11 21 28
39 | 1 11 21 29
32 | 1 11 21 36
33 | 1 11 21 38
69 | 1 11 24 66
69 | 1 11 24 67
68 | 1 11 25 66
68 | 1 11 25 67
71 | 1 11 26 64
71 | 1 11 26 65
70 | 1 11 27 64
70 | 1 11 27 65
26 | 1 11 28 38
27 | 1 11 28 39
26 | 1 11 29 36
27 | 1 11 29 37
24 | 1 11 30 37
25 | 1 11 30 39
24 | 1 11 31 36
25 | 1 11 31 38
59 | 1 11 32 74
59 | 1 11 32 75
58 | 1 11 33 74
58 | 1 11 33 75
61 | 1 11 34 72
61 | 1 11 34 73
60 | 1 11 35 72
60 | 1 11 35 73
71 | 1 11 36 64
69 | 1 11 36 66
61 | 1 11 36 72
59 | 1 11 36 74
70 | 1 11 37 64
69 | 1 11 37 67
60 | 1 11 37 72
59 | 1 11 37 75
71 | 1 11 38 65
68 | 1 11 38 66
61 | 1 11 38 73
58 | 1 11 38 74
70 | 1 11 39 65
68 | 1 11 39 67
60 | 1 11 39 73
58 | 1 11 39 75
79 | 1 12 14 62
79 | 1 12 14 63
78 | 1 12 15 62
78 | 1 12 15 63
36 | 1 12 16 34
37 | 1 12 16 35
30 | 1 12 16 38
31 | 1 12 16 39
36 | 1 12 17 30
37 | 1 12 17 31
34 | 1 12 17 38
35 | 1 12 17 39
30 | 1 12 20 29
28 | 1 12 20 31
34 | 1 12 20 33
32 | 1 12 20 35
31 | 1 12 21 29
28 | 1 12 21 30
35 | 1 12 21 33
32 | 1 12 21 34
73 | 1 12 22 66
73 | 1 12 22 67
69 | 1 12 23 66
69 | 1 12 23 67
79 | 1 12 26 62
79 | 1 12 26 63
78 | 1 12 27 62
78 | 1 12 27 63
57 | 1 12 28 76
57 | 1 12 28 77
26 | 1 12 29 34
27 | 1 12 29 35
26 | 1 12 30 33
22 | 1 12 30 39
79 | 1 12 30 62
73 | 1 12 30 66
61 | 1 12 30 68
57 | 1 12 30 76
27 | 1 12 31 33
22 | 1 12 31 38
78 | 1 12 31 62
73 | 1 12 31 67
60 | 1 12 31 68
57 | 1 12 31 77
56 | 1 12 32 76
56 | 1 12 32 77
23 | 1 12 34 39
79 | 1 12 34 63
69 | 1 12 34 66
61 | 1 12 34 72
56 | 1 12 34 76
23 | 1 12 35 38
78 | 1 12 35 63
69 | 1 12 35 67
60 | 1 12 35 72
56 | 1 12 35 77
61 | 1 12 36 68
61 | 1 12 36 72
60 | 1 12 37 68
60 | 1 12 37 72
77 | 1 13 14 62
77 | 1 13 14 63
76 | 1 13 15 62
76 | 1 13 15 63
38 | 1 13 16 34
39 | 1 13 16 35
30 | 1 13 16 36
31 | 1 13 16 37
38 | 1 13 17 30
39 | 1 13 17 31
34 | 1 13 17 36
35 | 1 13 17 37
30 | 1 13 20 28
29 | 1 13 20 31
34 | 1 13 20 32
33 | 1 13 20 35
31 | 1 13 21 28
29 | 1 13 21 30
35 | 1 13 21 32
33 | 1 13 21 34
72 | 1 13 22 66
72 | 1 13 22 67
68 | 1 13 23 66
68 | 1 13 23 67
77 | 1 13 26 62
77 | 1 13 26 63
76 | 1 13 27 62
76 | 1 13 27 63
26 | 1 13 28 34
27 | 1 13 28 35
57 | 1 13 29 78
57 | 1 13 29 79
26 | 1 13 30 32
22 | 1 13 30 37
77 | 1 13 30 62
72 | 1 13 30 66
61 | 1 13 30 69
57 | 1 13 30 78
27 | 1 13 31 32
22 | 1 13 31 36
76 | 1 13 31 62
72 | 1 13 31 67
60 | 1 13 31 69
57 | 1 13 31 79
56 | 1 13 33 78
56 | 1 13 33 79
23 | 1 13 34 37
77 | 1 13 34 63
68 | 1 13 34 66
61 | 1 13 34 73
56 | 1 13 34 78
23 | 1 13 35 36
76 | 1 13 35 63
68 | 1 13 35 67
60 | 1 13 35 73
56 | 1 13 35 79
61 | 1 13 38 69
61 | 1 13 38 73
60 | 1 13 39 69
60 | 1 13 39 73
36 | 1 14 16 32
38 | 1 14 16 33
28 | 1 14 16 37
29 | 1 14 16 39
36 | 1 14 17 28
38 | 1 14 17 29
32 | 1 14 17 37
33 | 1 14 17 39
30 | 1 14 18 29
28 | 1 14 18 31
34 | 1 14 18 33
32 | 1 14 18 35
30 | 1 14 19 28
29 | 1 14 19 31
34 | 1 14 19 32
33 | 1 14 19 35
75 | 1 14 22 64
75 | 1 14 22 65
71 | 1 14 23 64
71 | 1 14 23 65
79 | 1 14 24 62
79 | 1 14 24 63
77 | 1 14 25 62
77 | 1 14 25 63
24 | 1 14 28 35
22 | 1 14 28 39
79 | 1 14 28 62
75 | 1 14 28 64
59 | 1 14 28 70
57 | 1 14 28 76
25 | 1 14 29 35
22 | 1 14 29 37
77 | 1 14 29 62
75 | 1 14 29 65
58 | 1 14 29 70
57 | 1 14 29 78
57 | 1 14 30 76
57 | 1 14 30 78
24 | 1 14 31 32
25 | 1 14 31 33
23 | 1 14 32 39
79 | 1 14 32 63
71 | 1 14 32 64
59 | 1 14 32 74
56 | 1 14 32 76
23 | 1 14 33 37
77 | 1 14 33 63
71 | 1 14 33 65
58 | 1 14 33 74
56 | 1 14 33 78
56 | 1 14 34 76
56 | 1 14 34 78
59 | 1 14 36 70
59 | 1 14 36 74
58 | 1 14 38 70
58 | 1 14 38 74
37 | 1 15 16 32
39 | 1 15 16 33
28 | 1 15 16 36
29 | 1 15 16 38
37 | 1 15 17 28
39 | 1 15 17 29
32 | 1 15 17 36
33 | 1 15 17 38
31 | 1 15 18 29
28 | 1 15 18 30
35 | 1 15 18 33
32 | 1 15 18 34
31 | 1 15 19 28
29 | 1 15 19 30
35 | 1 15 19 32
33 | 1 15 19 34
74 | 1 15 22 64
74 | 1 15 22 65
70 | 1 15 23 64
70 | 1 15 23 65
78 | 1 15 24 62
78 | 1 15 24 63
76 | 1 15 25 62
76 | 1 15 25 63
24 | 1 15 28 34
22 | 1 15 28 38
78 | 1 15 28 62
74 | 1 15 28 64
59 | 1 15 28 71
57 | 1 15 28 77
25 | 1 15 29 34
22 | 1 15 29 36
76 | 1 15 29 62
74 | 1 15 29 65
58 | 1 15 29 71
57 | 1 15 29 79
24 | 1 15 30 32
25 | 1 15 30 33
57 | 1 15 31 77
57 | 1 15 31 79
23 | 1 15 32 38
78 | 1 15 32 63
70 | 1 15 32 64
59 | 1 15 32 75
56 | 1 15 32 77
23 | 1 15 33 36
76 | 1 15 33 63
70 | 1 15 33 65
58 | 1 15 33 75
56 | 1 15 33 79
56 | 1 15 35 77
56 | 1 15 35 79
59 | 1 15 37 71
59 | 1 15 37 75
58 | 1 15 39 71
58 | 1 15 39 75
73 | 1 16 18 46
73 | 1 16 18 47
72 | 1 16 19 46
72 | 1 16 19 47
75 | 1 16 20 44
75 | 1 16 20 45
74 | 1 16 21 44
74 | 1 16 21 45
53 | 1 16 24 70
53 | 1 16 24 71
52 | 1 16 25 70
52 | 1 16 25 71
55 | 1 16 26 68
55 | 1 16 26 69
54 | 1 16 27 68
54 | 1 16 27 69
53 | 1 16 28 70
53 | 1 16 28 71
52 | 1 16 29 70
52 | 1 16 29 71
55 | 1 16 30 68
55 | 1 16 30 69
54 | 1 16 31 68
54 | 1 16 31 69
6 | 1 16 32 38
7 | 1 16 32 39
6 | 1 16 33 36
7 | 1 16 33 37
4 | 1 16 34 37
5 | 1 16 34 39
4 | 1 16 35 36
5 | 1 16 35 38
75 | 1 16 36 44
73 | 1 16 36 46
55 | 1 16 36 68
53 | 1 16 36 70
74 | 1 16 37 44
73 | 1 16 37 47
54 | 1 16 37 68
53 | 1 16 37 71
75 | 1 16 38 45
72 | 1 16 38 46
55 | 1 16 38 69
52 | 1 16 38 70
74 | 1 16 39 45
72 | 1 16 39 47
54 | 1 16 39 69
52 | 1 16 39 71
69 | 1 17 18 46
69 | 1 17 18 47
68 | 1 17 19 46
68 | 1 17 19 47
71 | 1 17 20 44
71 | 1 17 20 45
70 | 1 17 21 44
70 | 1 17 21 45
53 | 1 17 24 74
53 | 1 17 24 75
52 | 1 17 25 74
52 | 1 17 25 75
55 | 1 17 26 72
55 | 1 17 26 73
54 | 1 17 27 72
54 | 1 17 27 73
6 | 1 17 28 38
7 | 1 17 28 39
6 | 1 17 29 36
7 | 1 17 29 37
4 | 1 17 30 37
5 | 1 17 30 39
4 | 1 17 31 36
5 | 1 17 31 38
53 | 1 17 32 74
53 | 1 17 32 75
52 | 1 17 33 74
52 | 1 17 33 75
55 | 1 17 34 72
55 | 1 17 34 73
54 | 1 17 35 72
54 | 1 17 35 73
71 | 1 17 36 44
69 | 1 17 36 46
55 | 1 17 36 72
53 | 1 17 36 74
70 | 1 17 37 44
69 | 1 17 37 47
54 | 1 17 37 72
53 | 1 17 37 75
71 | 1 17 38 45
68 | 1 17 38 46
55 | 1 17 38 73
52 | 1 17 38 74
70 | 1 17 39 45
68 | 1 17 39 47
54 | 1 17 39 73
52 | 1 17 39 75
79 | 1 18 20 42
79 | 1 18 20 43
78 | 1 18 21 42
78 | 1 18 21 43
51 | 1 18 22 76
51 | 1 18 22 77
50 | 1 18 23 76
50 | 1 18 23 77
55 | 1 18 26 68
55 | 1 18 26 72
54 | 1 18 27 68
54 | 1 18 27 72
51 | 1 18 28 76
51 | 1 18 28 77
6 | 1 18 29 34
7 | 1 18 29 35
6 | 1 18 30 33
2 | 1 18 30 39
79 | 1 18 30 42
73 | 1 18 30 46
55 | 1 18 30 68
51 | 1 18 30 76
7 | 1 18 31 33
2 | 1 18 31 38
78 | 1 18 31 42
73 | 1 18 31 47
54 | 1 18 31 68
51 | 1 18 31 77
50 | 1 18 32 76
50 | 1 18 32 77
3 | 1 18 34 39
79 | 1 18 34 43
69 | 1 18 34 46
55 | 1 18 34 72
50 | 1 18 34 76
3 | 1 18 35 38
78 | 1 18 35 43
69 | 1 18 35 47
54 | 1 18 35 72
50 | 1 18 35 77
55 | 1 18 36 68
55 | 1 18 36 72
54 | 1 18 37 68
54 | 1 18 37 72
77 | 1 19 20 42
77 | 1 19 20 43
76 | 1 19 21 42
76 | 1 19 21 43
51 | 1 19 22 78
51 | 1 19 22 79
50 | 1 19 23 78
50 | 1 19 23 79
55 | 1 19 26 69
55 | 1 19 26 73
54 | 1 19 27 69
54 | 1 19 27 73
6 | 1 19 28 34
7 | 1 19 28 35
51 | 1 19 29 78
51 | 1 19 29 79
6 | 1 19 30 32
2 | 1 19 30 37
77 | 1 19 30 42
72 | 1 19 30 46
55 | 1 19 30 69
51 | 1 19 30 78
7 | 1 19 31 32
2 | 1 19 31 36
76 | 1 19 31 42
72 | 1 19 31 47
54 | 1 19 31 69
51 | 1 19 31 79
50 | 1 19 33 78
50 | 1 19 33 79
3 | 1 19 34 37
77 | 1 19 34 43
68 | 1 19 34 46
55 | 1 19 34 73
50 | 1 19 34 78
3 | 1 19 35 36
76 | 1 19 35 43
68 | 1 19 35 47
54 | 1 19 35 73
50 | 1 19 35 79
55 | 1 19 38 69
55 | 1 19 38 73
54 | 1 19 39 69
54 | 1 19 39 73
51 | 1 20 22 76
51 | 1 20 22 78
50 | 1 20 23 76
50 | 1 20 23 78
53 | 1 20 24 70
53 | 1 20 24 74
52 | 1 20 25 70
52 | 1 20 25 74
4 | 1 20 28 35
2 | 1 20 28 39
79 | 1 20 28 42
75 | 1 20 28 44
53 | 1 20 28 70
51 | 1 20 28 76
5 | 1 20 29 35
2 | 1 20 29 37
77 | 1 20 29 42
75 | 1 20 29 45
52 | 1 20 29 70
51 | 1 20 29 78
51 | 1 20 30 76
51 | 1 20 30 78
4 | 1 20 31 32
5 | 1 20 31 33
3 | 1 20 32 39
79 | 1 20 32 43
71 | 1 20 32 44
53 | 1 20 32 74
50 | 1 20 32 76
3 | 1 20 33 37
77 | 1 20 33 43
71 | 1 20 33 45
52 | 1 20 33 74
50 | 1 20 33 78
50 | 1 20 34 76
50 | 1 20 34 78
53 | 1 20 36 70
53 | 1 20 36 74
52 | 1 20 38 70
52 | 1 20 38 74
51 | 1 21 22 77
51 | 1 21 22 79
50 | 1 21 23 77
50 | 1 21 23 79
53 | 1 21 24 71
53 | 1 21 24 75
52 | 1 21 25 71
52 | 1 21 25 75
4 | 1 21 28 34
2 | 1 21 28 38
78 | 1 21 28 42
74 | 1 21 28 44
53 | 1 21 28 71
51 | 1 21 28 77
5 | 1 21 29 34
2 | 1 21 29 36
76 | 1 21 29 42
74 | 1 21 29 45
52 | 1 21 29 71
51 | 1 21 29 79
4 | 1 21 30 32
5 | 1 21 30 33
51 | 1 21 31 77
51 | 1 21 31 79
3 | 1 21 32 38
78 | 1 21 32 43
70 | 1 21 32 44
53 | 1 21 32 75
50 | 1 21 32 77
3 | 1 21 33 36
76 | 1 21 33 43
70 | 1 21 33 45
52 | 1 21 33 75
50 | 1 21 33 79
50 | 1 21 35 77
50 | 1 21 35 79
53 | 1 21 37 71
53 | 1 21 37 75
52 | 1 21 39 71
52 | 1 21 39 75
53 | 1 22 32 66
53 | 1 22 32 67
52 | 1 22 33 66
52 | 1 22 33 67
55 | 1 22 34 64
55 | 1 22 34 65
54 | 1 22 35 64
54 | 1 22 35 65
53 | 1 23 28 66
53 | 1 23 28 67
52 | 1 23 29 66
52 | 1 23 29 67
55 | 1 23 30 64
55 | 1 23 30 65
54 | 1 23 31 64
54 | 1 23 31 65
51 | 1 24 29 66
51 | 1 24 29 67
50 | 1 24 33 66
50 | 1 24 33 67
55 | 1 24 38 62
55 | 1 24 38 63
54 | 1 24 39 62
54 | 1 24 39 63
51 | 1 25 28 66
51 | 1 25 28 67
50 | 1 25 32 66
50 | 1 25 32 67
55 | 1 25 36 62
55 | 1 25 36 63
54 | 1 25 37 62
54 | 1 25 37 63
51 | 1 26 31 64
51 | 1 26 31 65
50 | 1 26 35 64
50 | 1 26 35 65
53 | 1 26 37 62
53 | 1 26 37 63
52 | 1 26 39 62
52 | 1 26 39 63
51 | 1 27 30 64
51 | 1 27 30 65
50 | 1 27 34 64
50 | 1 27 34 65
53 | 1 27 36 62
53 | 1 27 36 63
52 | 1 27 38 62
52 | 1 27 38 63
59 | 1 28 32 46
59 | 1 28 32 47
53 | 1 28 32 66
53 | 1 28 32 67
61 | 1 28 34 44
59 | 1 28 34 46
55 | 1 28 34 64
53 | 1 28 34 66
60 | 1 28 35 44
59 | 1 28 35 47
54 | 1 28 35 64
53 | 1 28 35 67
61 | 1 28 38 42
57 | 1 28 38 46
55 | 1 28 38 62
51 | 1 28 38 66
60 | 1 28 39 42
57 | 1 28 39 47
54 | 1 28 39 62
51 | 1 28 39 67
58 | 1 29 33 46
58 | 1 29 33 47
52 | 1 29 33 66
52 | 1 29 33 67
61 | 1 29 34 45
58 | 1 29 34 46
55 | 1 29 34 65
52 | 1 29 34 66
60 | 1 29 35 45
58 | 1 29 35 47
54 | 1 29 35 65
52 | 1 29 35 67
61 | 1 29 36 42
57 | 1 29 36 46
55 | 1 29 36 62
51 | 1 29 36 66
60 | 1 29 37 42
57 | 1 29 37 47
54 | 1 29 37 62
51 | 1 29 37 67
61 | 1 30 32 44
59 | 1 30 32 46
55 | 1 30 32 64
53 | 1 30 32 66
61 | 1 30 33 45
58 | 1 30 33 46
55 | 1 30 33 65
52 | 1 30 33 66
61 | 1 30 34 44
61 | 1 30 34 45
55 | 1 30 34 64
55 | 1 30 34 65
59 | 1 30 37 42
57 | 1 30 37 44
53 | 1 30 37 62
51 | 1 30 37 64
58 | 1 30 39 42
57 | 1 30 39 45
52 | 1 30 39 62
51 | 1 30 39 65
60 | 1 31 32 44
59 | 1 31 32 47
54 | 1 31 32 64
53 | 1 31 32 67
60 | 1 31 33 45
58 | 1 31 33 47
54 | 1 31 33 65
52 | 1 31 33 67
60 | 1 31 35 44
60 | 1 31 35 45
54 | 1 31 35 64
54 | 1 31 35 65
59 | 1 31 36 42
57 | 1 31 36 44
53 | 1 31 36 62
51 | 1 31 36 64
58 | 1 31 38 42
57 | 1 31 38 45
52 | 1 31 38 62
51 | 1 31 38 65
61 | 1 32 38 43
56 | 1 32 38 46
55 | 1 32 38 63
50 | 1 32 38 66
60 | 1 32 39 43
56 | 1 32 39 47
54 | 1 32 39 63
50 | 1 32 39 67
61 | 1 33 36 43
56 | 1 33 36 46
55 | 1 33 36 63
50 | 1 33 36 66
60 | 1 33 37 43
56 | 1 33 37 47
54 | 1 33 37 63
50 | 1 33 37 67
59 | 1 34 37 43
56 | 1 34 37 44
53 | 1 34 37 63
50 | 1 34 37 64
58 | 1 34 39 43
56 | 1 34 39 45
52 | 1 34 39 63
50 | 1 34 39 65
59 | 1 35 36 43
56 | 1 35 36 44
53 | 1 35 36 63
50 | 1 35 36 64
58 | 1 35 38 43
56 | 1 35 38 45
52 | 1 35 38 63
50 | 1 35 38 65
61 | 1 36 38 42
61 | 1 36 38 43
55 | 1 36 38 62
55 | 1 36 38 63
60 | 1 37 39 42
60 | 1 37 39 43
54 | 1 37 39 62
54 | 1 37 39 63
73 | 2 4 8 60
73 | 2 4 8 61
73 | 2 4 9 66
73 | 2 4 9 67
73 | 2 4 14 60
73 | 2 4 14 66
73 | 2 4 15 61
73 | 2 4 15 67
65 | 2 4 17 46
65 | 2 4 17 47
63 | 2 4 19 46
63 | 2 4 19 47
59 | 2 4 23 46
59 | 2 4 23 47
57 | 2 4 25 46
57 | 2 4 25 47
79 | 2 4 34 40
79 | 2 4 34 41
78 | 2 4 35 40
78 | 2 4 35 41
75 | 2 4 38 40
75 | 2 4 38 41
74 | 2 4 39 40
74 | 2 4 39 41
72 | 2 5 8 60
72 | 2 5 8 61
72 | 2 5 9 66
72 | 2 5 9 67
72 | 2 5 14 60
72 | 2 5 14 66
72 | 2 5 15 61
72 | 2 5 15 67
64 | 2 5 17 46
64 | 2 5 17 47
63 | 2 5 18 46
63 | 2 5 18 47
58 | 2 5 23 46
58 | 2 5 23 47
57 | 2 5 24 46
57 | 2 5 24 47
77 | 2 5 34 40
77 | 2 5 34 41
76 | 2 5 35 40
76 | 2 5 35 41
75 | 2 5 36 40
75 | 2 5 36 41
74 | 2 5 37 40
74 | 2 5 37 41
75 | 2 6 8 58
75 | 2 6 8 59
75 | 2 6 9 64
75 | 2 6 9 65
75 | 2 6 12 58
75 | 2 6 12 64
75 | 2 6 13 59
75 | 2 6 13 65
67 | 2 6 17 44
67 | 2 6 17 45
63 | 2 6 21 44
63 | 2 6 21 45
61 | 2 6 23 44
61 | 2 6 23 45
57 | 2 6 27 44
57 | 2 6 27 45
79 | 2 6 32 40
79 | 2 6 32 41
77 | 2 6 33 40
77 | 2 6 33 41
73 | 2 6 37 40
73 | 2 6 37 41
72 | 2 6 39 40
72 | 2 6 39 41
74 | 2 7 8 58
74 | 2 7 8 59
74 | 2 7 9 64
74 | 2 7 9 65
74 | 2 7 12 58
74 | 2 7 12 64
74 | 2 7 13 59
74 | 2 7 13 65
66 | 2 7 17 44
66 | 2 7 17 45
63 | 2 7 20 44
63 | 2 7 20 45
60 | 2 7 23 44
60 | 2 7 23 45
57 | 2 7 26 44
57 | 2 7 26 45
78 | 2 7 32 40
78 | 2 7 32 41
76 | 2 7 33 40
76 | 2 7 33 41
73 | 2 7 36 40
73 | 2 7 36 41
72 | 2 7 38 40
72 | 2 7 38 41
65 | 2 8 12 70
65 | 2 8 12 71
64 | 2 8 13 70
64 | 2 8 13 71
67 | 2 8 14 68
67 | 2 8 14 69
66 | 2 8 15 68
66 | 2 8 15 69
73 | 2 8 18 60
73 | 2 8 18 61
72 | 2 8 19 60
72 | 2 8 19 61
75 | 2 8 20 58
75 | 2 8 20 59
74 | 2 8 21 58
74 | 2 8 21 59
36 | 2 8 24 34
37 | 2 8 24 35
30 | 2 8 24 38
31 | 2 8 24 39
38 | 2 8 25 34
39 | 2 8 25 35
30 | 2 8 25 36
31 | 2 8 25 37
36 | 2 8 26 32
38 | 2 8 26 33
28 | 2 8 26 37
29 | 2 8 26 39
37 | 2 8 27 32
39 | 2 8 27 33
28 | 2 8 27 36
29 | 2 8 27 38
65 | 2 8 28 70
65 | 2 8 28 71
64 | 2 8 29 70
64 | 2 8 29 71
67 | 2 8 30 68
67 | 2 8 30 69
66 | 2 8 31 68
66 | 2 8 31 69
20 | 2 8 32 38
21 | 2 8 32 39
20 | 2 8 33 36
21 | 2 8 33 37
18 | 2 8 34 37
19 | 2 8 34 39
18 | 2 8 35 36
19 | 2 8 35 38
75 | 2 8 36 58
73 | 2 8 36 60
67 | 2 8 36 68
65 | 2 8 36 70
74 | 2 8 37 58
73 | 2 8 37 61
66 | 2 8 37 68
65 | 2 8 37 71
75 | 2 8 38 59
72 | 2 8 38 60
67 | 2 8 38 69
64 | 2 8 38 70
74 | 2 8 39 59
72 | 2 8 39 61
66 | 2 8 39 69
64 | 2 8 39 71
59 | 2 9 12 70
59 | 2 9 12 71
58 | 2 9 13 70
58 | 2 9 13 71
61 | 2 9 14 68
61 | 2 9 14 69
60 | 2 9 15 68
60 | 2 9 15 69
36 | 2 9 18 34
37 | 2 9 18 35
30 | 2 9 18 38
31 | 2 9 18 39
38 | 2 9 19 34
39 | 2 9 19 35
30 | 2 9 19 36
31 | 2 9 19 37
36 | 2 9 20 32
38 | 2 9 20 33
28 | 2 9 20 37
29 | 2 9 20 39
37 | 2 9 21 32
39 | 2 9 21 33
28 | 2 9 21 36
29 | 2 9 21 38
73 | 2 9 24 66
73 | 2 9 24 67
72 | 2 9 25 66
72 | 2 9 25 67
75 | 2 9 26 64
75 | 2 9 26 65
74 | 2 9 27 64
74 | 2 9 27 65
59 | 2 9 28 70
59 | 2 9 28 71
58 | 2 9 29 70
58 | 2 9 29 71
61 | 2 9 30 68
61 | 2 9 30 69
60 | 2 9 31 68
60 | 2 9 31 69
26 | 2 9 32 38
27 | 2 9 32 39
26 | 2 9 33 36
27 | 2 9 33 37
24 | 2 9 34 37
25 | 2 9 34 39
24 | 2 9 35 36
25 | 2 9 35 38
75 | 2 9 36 64
73 | 2 9 36 66
61 | 2 9 36 68
59 | 2 9 36 70
74 | 2 9 37 64
73 | 2 9 37 67
60 | 2 9 37 68
59 | 2 9 37 71
75 | 2 9 38 65
72 | 2 9 38 66
61 | 2 9 38 69
58 | 2 9 38 70
74 | 2 9 39 65
72 | 2 9 39 67
60 | 2 9 39 69
58 | 2 9 39 71
73 | 2 10 18 60
73 | 2 10 18 61
63 | 2 10 18 76
63 | 2 10 18 77
72 | 2 10 19 60
72 | 2 10 19 61
63 | 2 10 19 78
63 | 2 10 19 79
75 | 2 10 20 58
75 | 2 10 20 59
63 | 2 10 20 76
63 | 2 10 20 78
74 | 2 10 21 58
74 | 2 10 21 59
63 | 2 10 21 77
63 | 2 10 21 79
73 | 2 10 24 66
73 | 2 10 24 67
57 | 2 10 24 76
57 | 2 10 24 77
72 | 2 10 25 66
72 | 2 10 25 67
57 | 2 10 25 78
57 | 2 10 25 79
75 | 2 10 26 64
75 | 2 10 26 65
57 | 2 10 26 76
57 | 2 10 26 78
74 | 2 10 27 64
74 | 2 10 27 65
57 | 2 10 27 77
57 | 2 10 27 79
75 | 2 10 36 58
73 | 2 10 36 60
75 | 2 10 36 64
73 | 2 10 36 66
74 | 2 10 37 58
73 | 2 10 37 61
74 | 2 10 37 64
73 | 2 10 37 67
75 | 2 10 38 59
72 | 2 10 38 60
75 | 2 10 38 65
72 | 2 10 38 66
74 | 2 10 39 59
72 | 2 10 39 61
74 | 2 10 39 65
72 | 2 10 39 67
79 | 2 12 14 56
79 | 2 12 14 62
78 | 2 12 15 56
78 | 2 12 15 62
65 | 2 12 16 70
65 | 2 12 16 71
36 | 2 12 17 26
37 | 2 12 17 27
20 | 2 12 17 38
21 | 2 12 17 39
63 | 2 12 18 76
63 | 2 12 18 77
30 | 2 12 19 26
31 | 2 12 19 27
20 | 2 12 19 34
21 | 2 12 19 35
36 | 2 12 20 23
30 | 2 12 20 25
18 | 2 12 20 35
16 | 2 12 20 39
79 | 2 12 20 56
75 | 2 12 20 58
65 | 2 12 20 70
63 | 2 12 20 76
37 | 2 12 21 23
31 | 2 12 21 25
18 | 2 12 21 34
16 | 2 12 21 38
78 | 2 12 21 56
74 | 2 12 21 58
65 | 2 12 21 71
63 | 2 12 21 77
59 | 2 12 22 70
59 | 2 12 22 71
26 | 2 12 23 38
27 | 2 12 23 39
57 | 2 12 24 76
57 | 2 12 24 77
26 | 2 12 25 34
27 | 2 12 25 35
24 | 2 12 26 35
22 | 2 12 26 39
79 | 2 12 26 62
75 | 2 12 26 64
59 | 2 12 26 70
57 | 2 12 26 76
24 | 2 12 27 34
22 | 2 12 27 38
78 | 2 12 27 62
74 | 2 12 27 64
59 | 2 12 27 71
57 | 2 12 27 77
79 | 2 12 30 56
79 | 2 12 30 62
78 | 2 12 31 56
78 | 2 12 31 62
75 | 2 12 36 58
75 | 2 12 36 64
74 | 2 12 37 58
74 | 2 12 37 64
77 | 2 13 14 56
77 | 2 13 14 62
76 | 2 13 15 56
76 | 2 13 15 62
64 | 2 13 16 70
64 | 2 13 16 71
38 | 2 13 17 26
39 | 2 13 17 27
20 | 2 13 17 36
21 | 2 13 17 37
30 | 2 13 18 26
31 | 2 13 18 27
20 | 2 13 18 34
21 | 2 13 18 35
63 | 2 13 19 78
63 | 2 13 19 79
38 | 2 13 20 23
30 | 2 13 20 24
19 | 2 13 20 35
16 | 2 13 20 37
77 | 2 13 20 56
75 | 2 13 20 59
64 | 2 13 20 70
63 | 2 13 20 78
39 | 2 13 21 23
31 | 2 13 21 24
19 | 2 13 21 34
16 | 2 13 21 36
76 | 2 13 21 56
74 | 2 13 21 59
64 | 2 13 21 71
63 | 2 13 21 79
58 | 2 13 22 70
58 | 2 13 22 71
26 | 2 13 23 36
27 | 2 13 23 37
26 | 2 13 24 34
27 | 2 13 24 35
57 | 2 13 25 78
57 | 2 13 25 79
25 | 2 13 26 35
22 | 2 13 26 37
77 | 2 13 26 62
75 | 2 13 26 65
58 | 2 13 26 70
57 | 2 13 26 78
25 | 2 13 27 34
22 | 2 13 27 36
76 | 2 13 27 62
74 | 2 13 27 65
58 | 2 13 27 71
57 | 2 13 27 79
77 | 2 13 30 56
77 | 2 13 30 62
76 | 2 13 31 56
76 | 2 13 31 62
75 | 2 13 38 59
75 | 2 13 38 65
74 | 2 13 39 59
74 | 2 13 39 65
67 | 2 14 16 68
67 | 2 14 16 69
36 | 2 14 17 24
38 | 2 14 17 25
18 | 2 14 17 37
19 | 2 14 17 39
36 | 2 14 18 23
28 | 2 14 18 27
20 | 2 14 18 33
16 | 2 14 18 39
79 | 2 14 18 56
73 | 2 14 18 60
67 | 2 14 18 68
63 | 2 14 18 76
38 | 2 14 19 23
29 | 2 14 19 27
20 | 2 14 19 32
16 | 2 14 19 37
77 | 2 14 19 56
72 | 2 14 19 60
67 | 2 14 19 69
63 | 2 14 19 78
63 | 2 14 20 76
63 | 2 14 20 78
28 | 2 14 21 24
29 | 2 14 21 25
18 | 2 14 21 32
19 | 2 14 21 33
61 | 2 14 22 68
61 | 2 14 22 69
24 | 2 14 23 37
25 | 2 14 23 39
26 | 2 14 24 33
22 | 2 14 24 39
79 | 2 14 24 62
73 | 2 14 24 66
61 | 2 14 24 68
57 | 2 14 24 76
26 | 2 14 25 32
22 | 2 14 25 37
77 | 2 14 25 62
72 | 2 14 25 66
61 | 2 14 25 69
57 | 2 14 25 78
57 | 2 14 26 76
57 | 2 14 26 78
24 | 2 14 27 32
25 | 2 14 27 33
79 | 2 14 28 56
79 | 2 14 28 62
77 | 2 14 29 56
77 | 2 14 29 62
73 | 2 14 36 60
73 | 2 14 36 66
72 | 2 14 38 60
72 | 2 14 38 66
66 | 2 15 16 68
66 | 2 15 16 69
37 | 2 15 17 24
39 | 2 15 17 25
18 | 2 15 17 36
19 | 2 15 17 38
37 | 2 15 18 23
28 | 2 15 18 26
21 | 2 15 18 33
16 | 2 15 18 38
78 | 2 15 18 56
73 | 2 15 18 61
66 | 2 15 18 68
63 | 2 15 18 77
39 | 2 15 19 23
29 | 2 15 19 26
21 | 2 15 19 32
16 | 2 15 19 36
76 | 2 15 19 56
72 | 2 15 19 61
66 | 2 15 19 69
63 | 2 15 19 79
28 | 2 15 20 24
29 | 2 15 20 25
18 | 2 15 20 32
19 | 2 15 20 33
63 | 2 15 21 77
63 | 2 15 21 79
60 | 2 15 22 68
60 | 2 15 22 69
24 | 2 15 23 36
25 | 2 15 23 38
27 | 2 15 24 33
22 | 2 15 24 38
78 | 2 15 24 62
73 | 2 15 24 67
60 | 2 15 24 68
57 | 2 15 24 77
27 | 2 15 25 32
22 | 2 15 25 36
76 | 2 15 25 62
72 | 2 15 25 67
60 | 2 15 25 69
57 | 2 15 25 79
24 | 2 15 26 32
25 | 2 15 26 33
57 | 2 15 27 77
57 | 2 15 27 79
78 | 2 15 28 56
78 | 2 15 28 62
76 | 2 15 29 56
76 | 2 15 29 62
73 | 2 15 37 61
73 | 2 15 37 67
72 | 2 15 39 61
72 | 2 15 39 67
53 | 2 16 24 70
53 | 2 16 24 71
52 | 2 16 25 70
52 | 2 16 25 71
55 | 2 16 26 68
55 | 2 16 26 69
54 | 2 16 27 68
54 | 2 16 27 69
49 | 2 16 32 76
49 | 2 16 32 77
49 | 2 16 33 78
49 | 2 16 33 79
49 | 2 16 34 76
49 | 2 16 34 78
49 | 2 16 35 77
49 | 2 16 35 79
53 | 2 17 18 60
53 | 2 17 18 61
52 | 2 17 19 60
52 | 2 17 19 61
55 | 2 17 20 58
55 | 2 17 20 59
54 | 2 17 21 58
54 | 2 17 21 59
6 | 2 17 24 38
7 | 2 17 24 39
6 | 2 17 25 36
7 | 2 17 25 37
4 | 2 17 26 37
5 | 2 17 26 39
4 | 2 17 27 36
5 | 2 17 27 38
53 | 2 17 28 60
53 | 2 17 28 61
52 | 2 17 29 60
52 | 2 17 29 61
55 | 2 17 30 58
55 | 2 17 30 59
54 | 2 17 31 58
54 | 2 17 31 59
65 | 2 17 32 46
65 | 2 17 32 47
64 | 2 17 33 46
64 | 2 17 33 47
67 | 2 17 34 44
67 | 2 17 34 45
66 | 2 17 35 44
66 | 2 17 35 45
67 | 2 17 36 44
65 | 2 17 36 46
55 | 2 17 36 58
53 | 2 17 36 60
66 | 2 17 37 44
65 | 2 17 37 47
54 | 2 17 37 58
53 | 2 17 37 61
67 | 2 17 38 45
64 | 2 17 38 46
55 | 2 17 38 59
52 | 2 17 38 60
66 | 2 17 39 45
64 | 2 17 39 47
54 | 2 17 39 59
52 | 2 17 39 61
53 | 2 18 22 70
53 | 2 18 22 71
6 | 2 18 23 38
7 | 2 18 23 39
73 | 2 18 24 46
73 | 2 18 24 47
53 | 2 18 24 70
53 | 2 18 24 71
6 | 2 18 26 33
4 | 2 18 26 35
75 | 2 18 26 44
73 | 2 18 26 46
55 | 2 18 26 68
53 | 2 18 26 70
7 | 2 18 27 33
4 | 2 18 27 34
74 | 2 18 27 44
73 | 2 18 27 47
54 | 2 18 27 68
53 | 2 18 27 71
49 | 2 18 29 70
49 | 2 18 29 71
49 | 2 18 32 76
49 | 2 18 32 77
0 | 2 18 34 39
79 | 2 18 34 40
67 | 2 18 34 44
53 | 2 18 34 60
49 | 2 18 34 76
0 | 2 18 35 38
78 | 2 18 35 40
66 | 2 18 35 44
53 | 2 18 35 61
49 | 2 18 35 77
75 | 2 18 38 40
63 | 2 18 38 46
55 | 2 18 38 56
49 | 2 18 38 70
74 | 2 18 39 40
63 | 2 18 39 47
54 | 2 18 39 56
49 | 2 18 39 71
52 | 2 19 22 70
52 | 2 19 22 71
6 | 2 19 23 36
7 | 2 19 23 37
72 | 2 19 25 46
72 | 2 19 25 47
52 | 2 19 25 70
52 | 2 19 25 71
6 | 2 19 26 32
5 | 2 19 26 35
75 | 2 19 26 45
72 | 2 19 26 46
55 | 2 19 26 69
52 | 2 19 26 70
7 | 2 19 27 32
5 | 2 19 27 34
74 | 2 19 27 45
72 | 2 19 27 47
54 | 2 19 27 69
52 | 2 19 27 71
49 | 2 19 28 70
49 | 2 19 28 71
49 | 2 19 33 78
49 | 2 19 33 79
0 | 2 19 34 37
77 | 2 19 34 40
67 | 2 19 34 45
52 | 2 19 34 60
49 | 2 19 34 78
0 | 2 19 35 36
76 | 2 19 35 40
66 | 2 19 35 45
52 | 2 19 35 61
49 | 2 19 35 79
75 | 2 19 36 40
63 | 2 19 36 46
55 | 2 19 36 56
49 | 2 19 36 70
74 | 2 19 37 40
63 | 2 19 37 47
54 | 2 19 37 56
49 | 2 19 37 71
55 | 2 20 22 68
55 | 2 20 22 69
4 | 2 20 23 37
5 | 2 20 23 39
6 | 2 20 24 33
4 | 2 20 24 35
75 | 2 20 24 44
73 | 2 20 24 46
55 | 2 20 24 68
53 | 2 20 24 70
6 | 2 20 25 32
5 | 2 20 25 35
75 | 2 20 25 45
72 | 2 20 25 46
55 | 2 20 25 69
52 | 2 20 25 70
75 | 2 20 26 44
75 | 2 20 26 45
55 | 2 20 26 68
55 | 2 20 26 69
49 | 2 20 31 68
49 | 2 20 31 69
0 | 2 20 32 39
79 | 2 20 32 40
65 | 2 20 32 46
55 | 2 20 32 58
49 | 2 20 32 76
0 | 2 20 33 37
77 | 2 20 33 40
64 | 2 20 33 46
55 | 2 20 33 59
49 | 2 20 33 78
49 | 2 20 34 76
49 | 2 20 34 78
73 | 2 20 37 40
63 | 2 20 37 44
53 | 2 20 37 56
49 | 2 20 37 68
72 | 2 20 39 40
63 | 2 20 39 45
52 | 2 20 39 56
49 | 2 20 39 69
54 | 2 21 22 68
54 | 2 21 22 69
4 | 2 21 23 36
5 | 2 21 23 38
7 | 2 21 24 33
4 | 2 21 24 34
74 | 2 21 24 44
73 | 2 21 24 47
54 | 2 21 24 68
53 | 2 21 24 71
7 | 2 21 25 32
5 | 2 21 25 34
74 | 2 21 25 45
72 | 2 21 25 47
54 | 2 21 25 69
52 | 2 21 25 71
74 | 2 21 27 44
74 | 2 21 27 45
54 | 2 21 27 68
54 | 2 21 27 69
49 | 2 21 30 68
49 | 2 21 30 69
0 | 2 21 32 38
78 | 2 21 32 40
65 | 2 21 32 47
54 | 2 21 32 58
49 | 2 21 32 77
0 | 2 21 33 36
76 | 2 21 33 40
64 | 2 21 33 47
54 | 2 21 33 59
49 | 2 21 33 79
49 | 2 21 35 77
49 | 2 21 35 79
73 | 2 21 36 40
63 | 2 21 36 44
53 | 2 21 36 56
49 | 2 21 36 68
72 | 2 21 38 40
63 | 2 21 38 45
52 | 2 21 38 56
49 | 2 21 38 69
48 | 2 22 32 76
48 | 2 22 32 77
48 | 2 22 33 78
48 | 2 22 33 79
48 | 2 22 34 76
48 | 2 22 34 78
48 | 2 22 35 77
48 | 2 22 35 79
53 | 2 23 24 66
53 | 2 23 24 67
52 | 2 23 25 66
52 | 2 23 25 67
55 | 2 23 26 64
55 | 2 23 26 65
54 | 2 23 27 64
54 | 2 23 27 65
53 | 2 23 28 66
53 | 2 23 28 67
52 | 2 23 29 66
52 | 2 23 29 67
55 | 2 23 30 64
55 | 2 23 30 65
54 | 2 23 31 64
54 | 2 23 31 65
59 | 2 23 32 46
59 | 2 23 32 47
58 | 2 23 33 46
58 | 2 23 33 47
61 | 2 23 34 44
61 | 2 23 34 45
60 | 2 23 35 44
60 | 2 23 35 45
61 | 2 23 36 44
59 | 2 23 36 46
55 | 2 23 36 64
53 | 2 23 36 66
60 | 2 23 37 44
59 | 2 23 37 47
54 | 2 23 37 64
53 | 2 23 37 67
61 | 2 23 38 45
58 | 2 23 38 46
55 | 2 23 38 65
52 | 2 23 38 66
60 | 2 23 39 45
58 | 2 23 39 47
54 | 2 23 39 65
52 | 2 23 39 67
48 | 2 24 29 70
48 | 2 24 29 71
48 | 2 24 32 76
48 | 2 24 32 77
1 | 2 24 34 39
79 | 2 24 34 41
61 | 2 24 34 44
53 | 2 24 34 66
48 | 2 24 34 76
1 | 2 24 35 38
78 | 2 24 35 41
60 | 2 24 35 44
53 | 2 24 35 67
48 | 2 24 35 77
75 | 2 24 38 41
57 | 2 24 38 46
55 | 2 24 38 62
48 | 2 24 38 70
74 | 2 24 39 41
57 | 2 24 39 47
54 | 2 24 39 62
48 | 2 24 39 71
48 | 2 25 28 70
48 | 2 25 28 71
48 | 2 25 33 78
48 | 2 25 33 79
1 | 2 25 34 37
77 | 2 25 34 41
61 | 2 25 34 45
52 | 2 25 34 66
48 | 2 25 34 78
1 | 2 25 35 36
76 | 2 25 35 41
60 | 2 25 35 45
52 | 2 25 35 67
48 | 2 25 35 79
75 | 2 25 36 41
57 | 2 25 36 46
55 | 2 25 36 62
48 | 2 25 36 70
74 | 2 25 37 41
57 | 2 25 37 47
54 | 2 25 37 62
48 | 2 25 37 71
48 | 2 26 31 68
48 | 2 26 31 69
1 | 2 26 32 39
79 | 2 26 32 41
59 | 2 26 32 46
55 | 2 26 32 64
48 | 2 26 32 76
1 | 2 26 33 37
77 | 2 26 33 41
58 | 2 26 33 46
55 | 2 26 33 65
48 | 2 26 33 78
48 | 2 26 34 76
48 | 2 26 34 78
73 | 2 26 37 41
57 | 2 26 37 44
53 | 2 26 37 62
48 | 2 26 37 68
72 | 2 26 39 41
57 | 2 26 39 45
52 | 2 26 39 62
48 | 2 26 39 69
48 | 2 27 30 68
48 | 2 27 30 69
1 | 2 27 32 38
78 | 2 27 32 41
59 | 2 27 32 47
54 | 2 27 32 64
48 | 2 27 32 77
1 | 2 27 33 36
76 | 2 27 33 41
58 | 2 27 33 47
54 | 2 27 33 65
48 | 2 27 33 79
48 | 2 27 35 77
48 | 2 27 35 79
73 | 2 27 36 41
57 | 2 27 36 44
53 | 2 27 36 62
48 | 2 27 36 68
72 | 2 27 38 41
57 | 2 27 38 45
52 | 2 27 38 62
48 | 2 27 38 69
53 | 2 28 34 60
53 | 2 28 34 66
53 | 2 28 35 61
53 | 2 28 35 67
55 | 2 28 38 56
55 | 2 28 38 62
54 | 2 28 39 56
54 | 2 28 39 62
52 | 2 29 34 60
52 | 2 29 34 66
52 | 2 29 35 61
52 | 2 29 35 67
55 | 2 29 36 56
55 | 2 29 36 62
54 | 2 29 37 56
54 | 2 29 37 62
55 | 2 30 32 58
55 | 2 30 32 64
55 | 2 30 33 59
55 | 2 30 33 65
53 | 2 30 37 56
53 | 2 30 37 62
52 | 2 30 39 56
52 | 2 30 39 62
54 | 2 31 32 58
54 | 2 31 32 64
54 | 2 31 33 59
54 | 2 31 33 65
53 | 2 31 36 56
53 | 2 31 36 62
52 | 2 31 38 56
52 | 2 31 38 62
79 | 2 32 34 40
79 | 2 32 34 41
78 | 2 32 35 40
78 | 2 32 35 41
55 | 2 32 36 58
55 | 2 32 36 64
54 | 2 32 37 58
54 | 2 32 37 64
77 | 2 33 34 40
77 | 2 33 34 41
76 | 2 33 35 40
76 | 2 33 35 41
55 | 2 33 38 59
55 | 2 33 38 65
54 | 2 33 39 59
54 | 2 33 39 65
53 | 2 34 36 60
53 | 2 34 36 66
52 | 2 34 38 60
52 | 2 34 38 66
53 | 2 35 37 61
53 | 2 35 37 67
52 | 2 35 39 61
52 | 2 35 39 67
75 | 2 36 38 40
75 | 2 36 38 41
55 | 2 36 38 56
55 | 2 36 38 62
74 | 2 37 39 40
74 | 2 37 39 41
54 | 2 37 39 56
54 | 2 37 39 62
69 | 3 4 8 60
69 | 3 4 8 61
69 | 3 4 9 66
69 | 3 4 9 67
69 | 3 4 14 60
69 | 3 4 14 66
69 | 3 4 15 61
69 | 3 4 15 67
65 | 3 4 16 46
65 | 3 4 16 47
62 | 3 4 19 46
62 | 3 4 19 47
59 | 3 4 22 46
59 | 3 4 22 47
56 | 3 4 25 46
56 | 3 4 25 47
79 | 3 4 30 40
79 | 3 4 30 41
78 | 3 4 31 40
78 | 3 4 31 41
71 | 3 4 38 40
71 | 3 4 38 41
70 | 3 4 39 40
70 | 3 4 39 41
68 | 3 5 8 60
68 | 3 5 8 61
68 | 3 5 9 66
68 | 3 5 9 67
68 | 3 5 14 60
68 | 3 5 14 66
68 | 3 5 15 61
68 | 3 5 15 67
64 | 3 5 16 46
64 | 3 5 16 47
62 | 3 5 18 46
62 | 3 5 18 47
58 | 3 5 22 46
58 | 3 5 22 47
56 | 3 5 24 46
56 | 3 5 24 47
77 | 3 5 30 40
77 | 3 5 30 41
76 | 3 5 31 40
76 | 3 5 31 41
71 | 3 5 36 40
71 | 3 5 36 41
70 | 3 5 37 40
70 | 3 5 37 41
71 | 3 6 8 58
71 | 3 6 8 59
71 | 3 6 9 64
71 | 3 6 9 65
71 | 3 6 12 58
71 | 3 6 12 64
71 | 3 6 13 59
71 | 3 6 13 65
67 | 3 6 16 44
67 | 3 6 16 45
62 | 3 6 21 44
62 | 3 6 21 45
61 | 3 6 22 44
61 | 3 6 22 45
56 | 3 6 27 44
56 | 3 6 27 45
79 | 3 6 28 40
79 | 3 6 28 41
77 | 3 6 29 40
77 | 3 6 29 41
69 | 3 6 37 40
69 | 3 6 37 41
68 | 3 6 39 40
68 | 3 6 39 41
70 | 3 7 8 58
70 | 3 7 8 59
70 | 3 7 9 64
70 | 3 7 9 65
70 | 3 7 12 58
70 | 3 7 12 64
70 | 3 7 13 59
70 | 3 7 13 65
66 | 3 7 16 44
66 | 3 7 16 45
62 | 3 7 20 44
62 | 3 7 20 45
60 | 3 7 22 44
60 | 3 7 22 45
56 | 3 7 26 44
56 | 3 7 26 45
78 | 3 7 28 40
78 | 3 7 28 41
76 | 3 7 29 40
76 | 3 7 29 41
69 | 3 7 36 40
69 | 3 7 36 41
68 | 3 7 38 40
68 | 3 7 38 41
65 | 3 8 12 74
65 | 3 8 12 75
64 | 3 8 13 74
64 | 3 8 13 75
67 | 3 8 14 72
67 | 3 8 14 73
66 | 3 8 15 72
66 | 3 8 15 73
69 | 3 8 18 60
69 | 3 8 18 61
68 | 3 8 19 60
68 | 3 8 19 61
71 | 3 8 20 58
71 | 3 8 20 59
70 | 3 8 21 58
70 | 3 8 21 59
36 | 3 8 24 30
37 | 3 8 24 31
34 | 3 8 24 38
35 | 3 8 24 39
38 | 3 8 25 30
39 | 3 8 25 31
34 | 3 8 25 36
35 | 3 8 25 37
36 | 3 8 26 28
38 | 3 8 26 29
32 | 3 8 26 37
33 | 3 8 26 39
37 | 3 8 27 28
39 | 3 8 27 29
32 | 3 8 27 36
33 | 3 8 27 38
20 | 3 8 28 38
21 | 3 8 28 39
20 | 3 8 29 36
21 | 3 8 29 37
18 | 3 8 30 37
19 | 3 8 30 39
18 | 3 8 31 36
19 | 3 8 31 38
65 | 3 8 32 74
65 | 3 8 32 75
64 | 3 8 33 74
64 | 3 8 33 75
67 | 3 8 34 72
67 | 3 8 34 73
66 | 3 8 35 72
66 | 3 8 35 73
71 | 3 8 36 58
69 | 3 8 36 60
67 | 3 8 36 72
65 | 3 8 36 74
70 | 3 8 37 58
69 | 3 8 37 61
66 | 3 8 37 72
65 | 3 8 37 75
71 | 3 8 38 59
68 | 3 8 38 60
67 | 3 8 38 73
64 | 3 8 38 74
70 | 3 8 39 59
68 | 3 8 39 61
66 | 3 8 39 73
64 | 3 8 39 75
59 | 3 9 12 74
59 | 3 9 12 75
58 | 3 9 13 74
58 | 3 9 13 75
61 | 3 9 14 72
61 | 3 9 14 73
60 | 3 9 15 72
60 | 3 9 15 73
36 | 3 9 18 30
37 | 3 9 18 31
34 | 3 9 18 38
35 | 3 9 18 39
38 | 3 9 19 30
39 | 3 9 19 31
34 | 3 9 19 36
35 | 3 9 19 37
36 | 3 9 20 28
38 | 3 9 20 29
32 | 3 9 20 37
33 | 3 9 20 39
37 | 3 9 21 28
39 | 3 9 21 29
32 | 3 9 21 36
33 | 3 9 21 38
69 | 3 9 24 66
69 | 3 9 24 67
68 | 3 9 25 66
68 | 3 9 25 67
71 | 3 9 26 64
71 | 3 9 26 65
70 | 3 9 27 64
70 | 3 9 27 65
26 | 3 9 28 38
27 | 3 9 28 39
26 | 3 9 29 36
27 | 3 9 29 37
24 | 3 9 30 37
25 | 3 9 30 39
24 | 3 9 31 36
25 | 3 9 31 38
59 | 3 9 32 74
59 | 3 9 32 75
58 | 3 9 33 74
58 | 3 9 33 75
61 | 3 9 34 72
61 | 3 9 34 73
60 | 3 9 35 72
60 | 3 9 35 73
71 | 3 9 36 64
69 | 3 9 36 66
61 | 3 9 36 72
59 | 3 9 36 74
70 | 3 9 37 64
69 | 3 9 37 67
60 | 3 9 37 72
59 | 3 9 37 75
71 | 3 9 38 65
68 | 3 9 38 66
61 | 3 9 38 73
58 | 3 9 38 74
70 | 3 9 39 65
68 | 3 9 39 67
60 | 3 9 39 73
58 | 3 9 39 75
69 | 3 11 18 60
69 | 3 11 18 61
62 | 3 11 18 76
62 | 3 11 18 77
68 | 3 11 19 60
68 | 3 11 19 61
62 | 3 11 19 78
62 | 3 11 19 79
71 | 3 11 20 58
71 | 3 11 20 59
62 | 3 11 20 76
62 | 3 11 20 78
70 | 3 11 21 58
70 | 3 11 21 59
62 | 3 11 21 77
62 | 3 11 21 79
69 | 3 11 24 66
69 | 3 11 24 67
56 | 3 11 24 76
56 | 3 11 24 77
68 | 3 11 25 66
68 | 3 11 25 67
56 | 3 11 25 78
56 | 3 11 25 79
71 | 3 11 26 64
71 | 3 11 26 65
56 | 3 11 26 76
56 | 3 11 26 78
70 | 3 11 27 64
70 | 3 11 27 65
56 | 3 11 27 77
56 | 3 11 27 79
71 | 3 11 36 58
69 | 3 11 36 60
71 | 3 11 36 64
69 | 3 11 36 66
70 | 3 11 37 58
69 | 3 11 37 61
70 | 3 11 37 64
69 | 3 11 37 67
71 | 3 11 38 59
68 | 3 11 38 60
71 | 3 11 38 65
68 | 3 11 38 66
70 | 3 11 39 59
68 | 3 11 39 61
70 | 3 11 39 65
68 | 3 11 39 67
79 | 3 12 14 57
79 | 3 12 14 63
78 | 3 12 15 57
78 | 3 12 15 63
36 | 3 12 16 26
37 | 3 12 16 27
20 | 3 12 16 38
21 | 3 12 16 39
65 | 3 12 17 74
65 | 3 12 17 75
62 | 3 12 18 76
62 | 3 12 18 77
34 | 3 12 19 26
35 | 3 12 19 27
20 | 3 12 19 30
21 | 3 12 19 31
36 | 3 12 20 22
34 | 3 12 20 25
18 | 3 12 20 31
17 | 3 12 20 39
79 | 3 12 20 57
71 | 3 12 20 58
65 | 3 12 20 74
62 | 3 12 20 76
37 | 3 12 21 22
35 | 3 12 21 25
18 | 3 12 21 30
17 | 3 12 21 38
78 | 3 12 21 57
70 | 3 12 21 58
65 | 3 12 21 75
62 | 3 12 21 77
26 | 3 12 22 38
27 | 3 12 22 39
59 | 3 12 23 74
59 | 3 12 23 75
56 | 3 12 24 76
56 | 3 12 24 77
26 | 3 12 25 30
27 | 3 12 25 31
24 | 3 12 26 31
23 | 3 12 26 39
79 | 3 12 26 63
71 | 3 12 26 64
59 | 3 12 26 74
56 | 3 12 26 76
24 | 3 12 27 30
23 | 3 12 27 38
78 | 3 12 27 63
70 | 3 12 27 64
59 | 3 12 27 75
56 | 3 12 27 77
79 | 3 12 34 57
79 | 3 12 34 63
78 | 3 12 35 57
78 | 3 12 35 63
71 | 3 12 36 58
71 | 3 12 36 64
70 | 3 12 37 58
70 | 3 12 37 64
77 | 3 13 14 57
77 | 3 13 14 63
76 | 3 13 15 57
76 | 3 13 15 63
38 | 3 13 16 26
39 | 3 13 16 27
20 | 3 13 16 36
21 | 3 13 16 37
64 | 3 13 17 74
64 | 3 13 17 75
34 | 3 13 18 26
35 | 3 13 18 27
20 | 3 13 18 30
21 | 3 13 18 31
62 | 3 13 19 78
62 | 3 13 19 79
38 | 3 13 20 22
34 | 3 13 20 24
19 | 3 13 20 31
17 | 3 13 20 37
77 | 3 13 20 57
71 | 3 13 20 59
64 | 3 13 20 74
62 | 3 13 20 78
39 | 3 13 21 22
35 | 3 13 21 24
19 | 3 13 21 30
17 | 3 13 21 36
76 | 3 13 21 57
70 | 3 13 21 59
64 | 3 13 21 75
62 | 3 13 21 79
26 | 3 13 22 36
27 | 3 13 22 37
58 | 3 13 23 74
58 | 3 13 23 75
26 | 3 13 24 30
27 | 3 13 24 31
56 | 3 13 25 78
56 | 3 13 25 79
25 | 3 13 26 31
23 | 3 13 26 37
77 | 3 13 26 63
71 | 3 13 26 65
58 | 3 13 26 74
56 | 3 13 26 78
25 | 3 13 27 30
23 | 3 13 27 36
76 | 3 13 27 63
70 | 3 13 27 65
58 | 3 13 27 75
56 | 3 13 27 79
77 | 3 13 34 57
77 | 3 13 34 63
76 | 3 13 35 57
76 | 3 13 35 63
71 | 3 13 38 59
71 | 3 13 38 65
70 | 3 13 39 59
70 | 3 13 39 65
36 | 3 14 16 24
38 | 3 14 16 25
18 | 3 14 16 37
19 | 3 14 16 39
67 | 3 14 17 72
67 | 3 14 17 73
36 | 3 14 18 22
32 | 3 14 18 27
20 | 3 14 18 29
17 | 3 14 18 39
79 | 3 14 18 57
69 | 3 14 18 60
67 | 3 14 18 72
62 | 3 14 18 76
38 | 3 14 19 22
33 | 3 14 19 27
20 | 3 14 19 28
17 | 3 14 19 37
77 | 3 14 19 57
68 | 3 14 19 60
67 | 3 14 19 73
62 | 3 14 19 78
62 | 3 14 20 76
62 | 3 14 20 78
32 | 3 14 21 24
33 | 3 14 21 25
18 | 3 14 21 28
19 | 3 14 21 29
24 | 3 14 22 37
25 | 3 14 22 39
61 | 3 14 23 72
61 | 3 14 23 73
26 | 3 14 24 29
23 | 3 14 24 39
79 | 3 14 24 63
69 | 3 14 24 66
61 | 3 14 24 72
56 | 3 14 24 76
26 | 3 14 25 28
23 | 3 14 25 37
77 | 3 14 25 63
68 | 3 14 25 66
61 | 3 14 25 73
56 | 3 14 25 78
56 | 3 14 26 76
56 | 3 14 26 78
24 | 3 14 27 28
25 | 3 14 27 29
79 | 3 14 32 57
79 | 3 14 32 63
77 | 3 14 33 57
77 | 3 14 33 63
69 | 3 14 36 60
69 | 3 14 36 66
68 | 3 14 38 60
68 | 3 14 38 66
37 | 3 15 16 24
39 | 3 15 16 25
18 | 3 15 16 36
19 | 3 15 16 38
66 | 3 15 17 72
66 | 3 15 17 73
37 | 3 15 18 22
32 | 3 15 18 26
21 | 3 15 18 29
17 | 3 15 18 38
78 | 3 15 18 57
69 | 3 15 18 61
66 | 3 15 18 72
62 | 3 15 18 77
39 | 3 15 19 22
33 | 3 15 19 26
21 | 3 15 19 28
17 | 3 15 19 36
76 | 3 15 19 57
68 | 3 15 19 61
66 | 3 15 19 73
62 | 3 15 19 79
32 | 3 15 20 24
33 | 3 15 20 25
18 | 3 15 20 28
19 | 3 15 20 29
62 | 3 15 21 77
62 | 3 15 21 79
24 | 3 15 22 36
25 | 3 15 22 38
60 | 3 15 23 72
60 | 3 15 23 73
27 | 3 15 24 29
23 | 3 15 24 38
78 | 3 15 24 63
69 | 3 15 24 67
60 | 3 15 24 72
56 | 3 15 24 77
27 | 3 15 25 28
23 | 3 15 25 36
76 | 3 15 25 63
68 | 3 15 25 67
60 | 3 15 25 73
56 | 3 15 25 79
24 | 3 15 26 28
25 | 3 15 26 29
56 | 3 15 27 77
56 | 3 15 27 79
78 | 3 15 32 57
78 | 3 15 32 63
76 | 3 15 33 57
76 | 3 15 33 63
69 | 3 15 37 61
69 | 3 15 37 67
68 | 3 15 39 61
68 | 3 15 39 67
53 | 3 16 18 60
53 | 3 16 18 61
52 | 3 16 19 60
52 | 3 16 19 61
55 | 3 16 20 58
55 | 3 16 20 59
54 | 3 16 21 58
54 | 3 16 21 59
6 | 3 16 24 38
7 | 3 16 24 39
6 | 3 16 25 36
7 | 3 16 25 37
4 | 3 16 26 37
5 | 3 16 26 39
4 | 3 16 27 36
5 | 3 16 27 38
65 | 3 16 28 46
65 | 3 16 28 47
64 | 3 16 29 46
64 | 3 16 29 47
67 | 3 16 30 44
67 | 3 16 30 45
66 | 3 16 31 44
66 | 3 16 31 45
53 | 3 16 32 60
53 | 3 16 32 61
52 | 3 16 33 60
52 | 3 16 33 61
55 | 3 16 34 58
55 | 3 16 34 59
54 | 3 16 35 58
54 | 3 16 35 59
67 | 3 16 36 44
65 | 3 16 36 46
55 | 3 16 36 58
53 | 3 16 36 60
66 | 3 16 37 44
65 | 3 16 37 47
54 | 3 16 37 58
53 | 3 16 37 61
67 | 3 16 38 45
64 | 3 16 38 46
55 | 3 16 38 59
52 | 3 16 38 60
66 | 3 16 39 45
64 | 3 16 39 47
54 | 3 16 39 59
52 | 3 16 39 61
53 | 3 17 24 74
53 | 3 17 24 75
52 | 3 17 25 74
52 | 3 17 25 75
55 | 3 17 26 72
55 | 3 17 26 73
54 | 3 17 27 72
54 | 3 17 27 73
49 | 3 17 28 76
49 | 3 17 28 77
49 | 3 17 29 78
49 | 3 17 29 79
49 | 3 17 30 76
49 | 3 17 30 78
49 | 3 17 31 77
49 | 3 17 31 79
6 | 3 18 22 38
7 | 3 18 22 39
53 | 3 18 23 74
53 | 3 18 23 75
69 | 3 18 24 46
69 | 3 18 24 47
53 | 3 18 24 74
53 | 3 18 24 75
6 | 3 18 26 29
4 | 3 18 26 31
71 | 3 18 26 44
69 | 3 18 26 46
55 | 3 18 26 72
53 | 3 18 26 74
7 | 3 18 27 29
4 | 3 18 27 30
70 | 3 18 27 44
69 | 3 18 27 47
54 | 3 18 27 72
53 | 3 18 27 75
49 | 3 18 28 76
49 | 3 18 28 77
0 | 3 18 30 39
79 | 3 18 30 40
67 | 3 18 30 44
53 | 3 18 30 60
49 | 3 18 30 76
0 | 3 18 31 38
78 | 3 18 31 40
66 | 3 18 31 44
53 | 3 18 31 61
49 | 3 18 31 77
49 | 3 18 33 74
49 | 3 18 33 75
71 | 3 18 38 40
62 | 3 18 38 46
55 | 3 18 38 57
49 | 3 18 38 74
70 | 3 18 39 40
62 | 3 18 39 47
54 | 3 18 39 57
49 | 3 18 39 75
6 | 3 19 22 36
7 | 3 19 22 37
52 | 3 19 23 74
52 | 3 19 23 75
68 | 3 19 25 46
68 | 3 19 25 47
52 | 3 19 25 74
52 | 3 19 25 75
6 | 3 19 26 28
5 | 3 19 26 31
71 | 3 19 26 45
68 | 3 19 26 46
55 | 3 19 26 73
52 | 3 19 26 74
7 | 3 19 27 28
5 | 3 19 27 30
70 | 3 19 27 45
68 | 3 19 27 47
54 | 3 19 27 73
52 | 3 19 27 75
49 | 3 19 29 78
49 | 3 19 29 79
0 | 3 19 30 37
77 | 3 19 30 40
67 | 3 19 30 45
52 | 3 19 30 60
49 | 3 19 30 78
0 | 3 19 31 36
76 | 3 19 31 40
66 | 3 19 31 45
52 | 3 19 31 61
49 | 3 19 31 79
49 | 3 19 32 74
49 | 3 19 32 75
71 | 3 19 36 40
62 | 3 19 36 46
55 | 3 19 36 57
49 | 3 19 36 74
70 | 3 19 37 40
62 | 3 19 37 47
54 | 3 19 37 57
49 | 3 19 37 75
4 | 3 20 22 37
5 | 3 20 22 39
55 | 3 20 23 72
55 | 3 20 23 73
6 | 3 20 24 29
4 | 3 20 24 31
71 | 3 20 24 44
69 | 3 20 24 46
55 | 3 20 24 72
53 | 3 20 24 74
6 | 3 20 25 28
5 | 3 20 25 31
71 | 3 20 25 45
68 | 3 20 25 46
55 | 3 20 25 73
52 | 3 20 25 74
71 | 3 20 26 44
71 | 3 20 26 45
55 | 3 20 26 72
55 | 3 20 26 73
0 | 3 20 28 39
79 | 3 20 28 40
65 | 3 20 28 46
55 | 3 20 28 58
49 | 3 20 28 76
0 | 3 20 29 37
77 | 3 20 29 40
64 | 3 20 29 46
55 | 3 20 29 59
49 | 3 20 29 78
49 | 3 20 30 76
49 | 3 20 30 78
49 | 3 20 35 72
49 | 3 20 35 73
69 | 3 20 37 40
62 | 3 20 37 44
53 | 3 20 37 57
49 | 3 20 37 72
68 | 3 20 39 40
62 | 3 20 39 45
52 | 3 20 39 57
49 | 3 20 39 73
4 | 3 21 22 36
5 | 3 21 22 38
54 | 3 21 23 72
54 | 3 21 23 73
7 | 3 21 24 29
4 | 3 21 24 30
70 | 3 21 24 44
69 | 3 21 24 47
54 | 3 21 24 72
53 | 3 21 24 75
7 | 3 21 25 28
5 | 3 21 25 30
70 | 3 21 25 45
68 | 3 21 25 47
54 | 3 21 25 73
52 | 3 21 25 75
70 | 3 21 27 44
70 | 3 21 27 45
54 | 3 21 27 72
54 | 3 21 27 73
0 | 3 21 28 38
78 | 3 21 28 40
65 | 3 21 28 47
54 | 3 21 28 58
49 | 3 21 28 77
0 | 3 21 29 36
76 | 3 21 29 40
64 | 3 21 29 47
54 | 3 21 29 59
49 | 3 21 29 79
49 | 3 21 31 77
49 | 3 21 31 79
49 | 3 21 34 72
49 | 3 21 34 73
69 | 3 21 36 40
62 | 3 21 36 44
53 | 3 21 36 57
49 | 3 21 36 72
68 | 3 21 38 40
62 | 3 21 38 45
52 | 3 21 38 57
49 | 3 21 38 73
53 | 3 22 24 66
53 | 3 22 24 67
52 | 3 22 25 66
52 | 3 22 25 67
55 | 3 22 26 64
55 | 3 22 26 65
54 | 3 22 27 64
54 | 3 22 27 65
59 | 3 22 28 46
59 | 3 22 28 47
58 | 3 22 29 46
58 | 3 22 29 47
61 | 3 22 30 44
61 | 3 22 30 45
60 | 3 22 31 44
60 | 3 22 31 45
53 | 3 22 32 66
53 | 3 22 32 67
52 | 3 22 33 66
52 | 3 22 33 67
55 | 3 22 34 64
55 | 3 22 34 65
54 | 3 22 35 64
54 | 3 22 35 65
61 | 3 22 36 44
59 | 3 22 36 46
55 | 3 22 36 64
53 | 3 22 36 66
60 | 3 22 37 44
59 | 3 22 37 47
54 | 3 22 37 64
53 | 3 22 37 67
61 | 3 22 38 45
58 | 3 22 38 46
55 | 3 22 38 65
52 | 3 22 38 66
60 | 3 22 39 45
58 | 3 22 39 47
54 | 3 22 39 65
52 | 3 22 39 67
48 | 3 23 28 76
48 | 3 23 28 77
48 | 3 23 29 78
48 | 3 23 29 79
48 | 3 23 30 76
48 | 3 23 30 78
48 | 3 23 31 77
48 | 3 23 31 79
48 | 3 24 28 76
48 | 3 24 28 77
1 | 3 24 30 39
79 | 3 24 30 41
61 | 3 24 30 44
53 | 3 24 30 66
48 | 3 24 30 76
1 | 3 24 31 38
78 | 3 24 31 41
60 | 3 24 31 44
53 | 3 24 31 67
48 | 3 24 31 77
48 | 3 24 33 74
48 | 3 24 33 75
71 | 3 24 38 41
56 | 3 24 38 46
55 | 3 24 38 63
48 | 3 24 38 74
70 | 3 24 39 41
56 | 3 24 39 47
54 | 3 24 39 63
48 | 3 24 39 75
48 | 3 25 29 78
48 | 3 25 29 79
1 | 3 25 30 37
77 | 3 25 30 41
61 | 3 25 30 45
52 | 3 25 30 66
48 | 3 25 30 78
1 | 3 25 31 36
76 | 3 25 31 41
60 | 3 25 31 45
52 | 3 25 31 67
48 | 3 25 31 79
48 | 3 25 32 74
48 | 3 25 32 75
71 | 3 25 36 41
56 | 3 25 36 46
55 | 3 25 36 63
48 | 3 25 36 74
70 | 3 25 37 41
56 | 3 25 37 47
54 | 3 25 37 63
48 | 3 25 37 75
1 | 3 26 28 39
79 | 3 26 28 41
59 | 3 26 28 46
55 | 3 26 28 64
48 | 3 26 28 76
1 | 3 26 29 37
77 | 3 26 29 41
58 | 3 26 29 46
55 | 3 26 29 65
48 | 3 26 29 78
48 | 3 26 30 76
48 | 3 26 30 78
48 | 3 26 35 72
48 | 3 26 35 73
69 | 3 26 37 41
56 | 3 26 37 44
53 | 3 26 37 63
48 | 3 26 37 72
68 | 3 26 39 41
56 | 3 26 39 45
52 | 3 26 39 63
48 | 3 26 39 73
1 | 3 27 28 38
78 | 3 27 28 41
59 | 3 27 28 47
54 | 3 27 28 64
48 | 3 27 28 77
1 | 3 27 29 36
76 | 3 27 29 41
58 | 3 27 29 47
54 | 3 27 29 65
48 | 3 27 29 79
48 | 3 27 31 77
48 | 3 27 31 79
48 | 3 27 34 72
48 | 3 27 34 73
69 | 3 27 36 41
56 | 3 27 36 44
53 | 3 27 36 63
48 | 3 27 36 72
68 | 3 27 38 41
56 | 3 27 38 45
52 | 3 27 38 63
48 | 3 27 38 73
79 | 3 28 30 40
79 | 3 28 30 41
78 | 3 28 31 40
78 | 3 28 31 41
55 | 3 28 34 58
55 | 3 28 34 64
54 | 3 28 35 58
54 | 3 28 35 64
55 | 3 28 36 58
55 | 3 28 36 64
54 | 3 28 37 58
54 | 3 28 37 64
77 | 3 29 30 40
77 | 3 29 30 41
76 | 3 29 31 40
76 | 3 29 31 41
55 | 3 29 34 59
55 | 3 29 34 65
54 | 3 29 35 59
54 | 3 29 35 65
55 | 3 29 38 59
55 | 3 29 38 65
54 | 3 29 39 59
54 | 3 29 39 65
53 | 3 30 32 60
53 | 3 30 32 66
52 | 3 30 33 60
52 | 3 30 33 66
53 | 3 30 36 60
53 | 3 30 36 66
52 | 3 30 38 60
52 | 3 30 38 66
53 | 3 31 32 61
53 | 3 31 32 67
52 | 3 31 33 61
52 | 3 31 33 67
53 | 3 31 37 61
53 | 3 31 37 67
52 | 3 31 39 61
52 | 3 31 39 67
55 | 3 32 38 57
55 | 3 32 38 63
54 | 3 32 39 57
54 | 3 32 39 63
55 | 3 33 36 57
55 | 3 33 36 63
54 | 3 33 37 57
54 | 3 33 37 63
53 | 3 34 37 57
53 | 3 34 37 63
52 | 3 34 39 57
52 | 3 34 39 63
53 | 3 35 36 57
53 | 3 35 36 63
52 | 3 35 38 57
52 | 3 35 38 63
71 | 3 36 38 40
71 | 3 36 38 41
55 | 3 36 38 57
55 | 3 36 38 63
70 | 3 37 39 40
70 | 3 37 39 41
54 | 3 37 39 57
54 | 3 37 39 63
79 | 4 6 8 56
79 | 4 6 8 57
79 | 4 6 9 62
79 | 4 6 9 63
79 | 4 6 10 56
79 | 4 6 10 62
79 | 4 6 11 57
79 | 4 6 11 63
67 | 4 6 19 42
67 | 4 6 19 43
65 | 4 6 21 42
65 | 4 6 21 43
61 | 4 6 25 42
61 | 4 6 25 43
59 | 4 6 27 42
59 | 4 6 27 43
75 | 4 6 29 40
75 | 4 6 29 41
73 | 4 6 31 40
73 | 4 6 31 41
71 | 4 6 33 40
71 | 4 6 33 41
69 | 4 6 35 40
69 | 4 6 35 41
78 | 4 7 8 56
78 | 4 7 8 57
78 | 4 7 9 62
78 | 4 7 9 63
78 | 4 7 10 56
78 | 4 7 10 62
78 | 4 7 11 57
78 | 4 7 11 63
66 | 4 7 19 42
66 | 4 7 19 43
65 | 4 7 20 42
65 | 4 7 20 43
60 | 4 7 25 42
60 | 4 7 25 43
59 | 4 7 26 42
59 | 4 7 26 43
74 | 4 7 29 40
74 | 4 7 29 41
73 | 4 7 30 40
73 | 4 7 30 41
70 | 4 7 33 40
70 | 4 7 33 41
69 | 4 7 34 40
69 | 4 7 34 41
63 | 4 8 10 76
63 | 4 8 10 77
62 | 4 8 11 76
62 | 4 8 11 77
67 | 4 8 14 68
67 | 4 8 14 72
66 | 4 8 15 68
66 | 4 8 15 72
73 | 4 8 16 60
73 | 4 8 16 61
69 | 4 8 17 60
69 | 4 8 17 61
79 | 4 8 20 56
79 | 4 8 20 57
78 | 4 8 21 56
78 | 4 8 21 57
36 | 4 8 22 34
37 | 4 8 22 35
30 | 4 8 22 38
31 | 4 8 22 39
36 | 4 8 23 30
37 | 4 8 23 31
34 | 4 8 23 38
35 | 4 8 23 39
30 | 4 8 26 29
28 | 4 8 26 31
34 | 4 8 26 33
32 | 4 8 26 35
31 | 4 8 27 29
28 | 4 8 27 30
35 | 4 8 27 33
32 | 4 8 27 34
63 | 4 8 28 76
63 | 4 8 28 77
20 | 4 8 29 34
21 | 4 8 29 35
20 | 4 8 30 33
16 | 4 8 30 39
79 | 4 8 30 56
73 | 4 8 30 60
67 | 4 8 30 68
63 | 4 8 30 76
21 | 4 8 31 33
16 | 4 8 31 38
78 | 4 8 31 56
73 | 4 8 31 61
66 | 4 8 31 68
63 | 4 8 31 77
62 | 4 8 32 76
62 | 4 8 32 77
17 | 4 8 34 39
79 | 4 8 34 57
69 | 4 8 34 60
67 | 4 8 34 72
62 | 4 8 34 76
17 | 4 8 35 38
78 | 4 8 35 57
69 | 4 8 35 61
66 | 4 8 35 72
62 | 4 8 35 77
67 | 4 8 36 68
67 | 4 8 36 72
66 | 4 8 37 68
66 | 4 8 37 72
57 | 4 9 10 76
57 | 4 9 10 77
56 | 4 9 11 76
56 | 4 9 11 77
61 | 4 9 14 68
61 | 4 9 14 72
60 | 4 9 15 68
60 | 4 9 15 72
36 | 4 9 16 34
37 | 4 9 16 35
30 | 4 9 16 38
31 | 4 9 16 39
36 | 4 9 17 30
37 | 4 9 17 31
34 | 4 9 17 38
35 | 4 9 17 39
30 | 4 9 20 29
28 | 4 9 20 31
34 | 4 9 20 33
32 | 4 9 20 35
31 | 4 9 21 29
28 | 4 9 21 30
35 | 4 9 21 33
32 | 4 9 21 34
73 | 4 9 22 66
73 | 4 9 22 67
69 | 4 9 23 66
69 | 4 9 23 67
79 | 4 9 26 62
79 | 4 9 26 63
78 | 4 9 27 62
78 | 4 9 27 63
57 | 4 9 28 76
57 | 4 9 28 77
26 | 4 9 29 34
27 | 4 9 29 35
26 | 4 9 30 33
22 | 4 9 30 39
79 | 4 9 30 62
73 | 4 9 30 66
61 | 4 9 30 68
57 | 4 9 30 76
27 | 4 9 31 33
22 | 4 9 31 38
78 | 4 9 31 62
73 | 4 9 31 67
60 | 4 9 31 68
57 | 4 9 31 77
56 | 4 9 32 76
56 | 4 9 32 77
23 | 4 9 34 39
79 | 4 9 34 63
69 | 4 9 34 66
61 | 4 9 34 72
56 | 4 9 34 76
23 | 4 9 35 38
78 | 4 9 35 63
69 | 4 9 35 67
60 | 4 9 35 72
56 | 4 9 35 77
61 | 4 9 36 68
61 | 4 9 36 72
60 | 4 9 37 68
60 | 4 9 37 72
75 | 4 10 14 58
75 | 4 10 14 64
74 | 4 10 15 58
74 | 4 10 15 64
65 | 4 10 16 70
65 | 4 10 16 71
36 | 4 10 17 26
37 | 4 10 17 27
20 | 4 10 17 38
21 | 4 10 17 39
63 | 4 10 18 76
63 | 4 10 18 77
30 | 4 10 19 26
31 | 4 10 19 27
20 | 4 10 19 34
21 | 4 10 19 35
36 | 4 10 20 23
30 | 4 10 20 25
18 | 4 10 20 35
16 | 4 10 20 39
79 | 4 10 20 56
75 | 4 10 20 58
65 | 4 10 20 70
63 | 4 10 20 76
37 | 4 10 21 23
31 | 4 10 21 25
18 | 4 10 21 34
16 | 4 10 21 38
78 | 4 10 21 56
74 | 4 10 21 58
65 | 4 10 21 71
63 | 4 10 21 77
59 | 4 10 22 70
59 | 4 10 22 71
26 | 4 10 23 38
27 | 4 10 23 39
57 | 4 10 24 76
57 | 4 10 24 77
26 | 4 10 25 34
27 | 4 10 25 35
24 | 4 10 26 35
22 | 4 10 26 39
79 | 4 10 26 62
75 | 4 10 26 64
59 | 4 10 26 70
57 | 4 10 26 76
24 | 4 10 27 34
22 | 4 10 27 38
78 | 4 10 27 62
74 | 4 10 27 64
59 | 4 10 27 71
57 | 4 10 27 77
79 | 4 10 30 56
79 | 4 10 30 62
78 | 4 10 31 56
78 | 4 10 31 62
75 | 4 10 36 58
75 | 4 10 36 64
74 | 4 10 37 58
74 | 4 10 37 64
71 | 4 11 14 58
71 | 4 11 14 64
70 | 4 11 15 58
70 | 4 11 15 64
36 | 4 11 16 26
37 | 4 11 16 27
20 | 4 11 16 38
21 | 4 11 16 39
65 | 4 11 17 74
65 | 4 11 17 75
62 | 4 11 18 76
62 | 4 11 18 77
34 | 4 11 19 26
35 | 4 11 19 27
20 | 4 11 19 30
21 | 4 11 19 31
36 | 4 11 20 22
34 | 4 11 20 25
18 | 4 11 20 31
17 | 4 11 20 39
79 | 4 11 20 57
71 | 4 11 20 58
65 | 4 11 20 74
62 | 4 11 20 76
37 | 4 11 21 22
35 | 4 11 21 25
18 | 4 11 21 30
17 | 4 11 21 38
78 | 4 11 21 57
70 | 4 11 21 58
65 | 4 11 21 75
62 | 4 11 21 77
26 | 4 11 22 38
27 | 4 11 22 39
59 | 4 11 23 74
59 | 4 11 23 75
56 | 4 11 24 76
56 | 4 11 24 77
26 | 4 11 25 30
27 | 4 11 25 31
24 | 4 11 26 31
23 | 4 11 26 39
79 | 4 11 26 63
71 | 4 11 26 64
59 | 4 11 26 74
56 | 4 11 26 76
24 | 4 11 27 30
23 | 4 11 27 38
78 | 4 11 27 63
70 | 4 11 27 64
59 | 4 11 27 75
56 | 4 11 27 77
79 | 4 11 34 57
79 | 4 11 34 63
78 | 4 11 35 57
78 | 4 11 35 63
71 | 4 11 36 58
71 | 4 11 36 64
70 | 4 11 37 58
70 | 4 11 37 64
73 | 4 12 16 60
73 | 4 12 16 61
65 | 4 12 16 70
65 | 4 12 16 71
69 | 4 12 17 60
69 | 4 12 17 61
65 | 4 12 17 74
65 | 4 12 17 75
79 | 4 12 20 56
79 | 4 12 20 57
65 | 4 12 20 70
65 | 4 12 20 74
78 | 4 12 21 56
78 | 4 12 21 57
65 | 4 12 21 71
65 | 4 12 21 75
73 | 4 12 22 66
73 | 4 12 22 67
59 | 4 12 22 70
59 | 4 12 22 71
69 | 4 12 23 66
69 | 4 12 23 67
59 | 4 12 23 74
59 | 4 12 23 75
79 | 4 12 26 62
79 | 4 12 26 63
59 | 4 12 26 70
59 | 4 12 26 74
78 | 4 12 27 62
78 | 4 12 27 63
59 | 4 12 27 71
59 | 4 12 27 75
79 | 4 12 30 56
73 | 4 12 30 60
79 | 4 12 30 62
73 | 4 12 30 66
78 | 4 12 31 56
73 | 4 12 31 61
78 | 4 12 31 62
73 | 4 12 31 67
79 | 4 12 34 57
69 | 4 12 34 60
79 | 4 12 34 63
69 | 4 12 34 66
78 | 4 12 35 57
69 | 4 12 35 61
78 | 4 12 35 63
69 | 4 12 35 67
30 | 4 14 16 25
28 | 4 14 16 27
20 | 4 14 16 33
18 | 4 14 16 35
75 | 4 14 16 58
73 | 4 14 16 60
67 | 4 14 16 68
65 | 4 14 16 70
34 | 4 14 17 25
32 | 4 14 17 27
20 | 4 14 17 29
18 | 4 14 17 31
71 | 4 14 17 58
69 | 4 14 17 60
67 | 4 14 17 72
65 | 4 14 17 74
67 | 4 14 18 68
67 | 4 14 18 72
30 | 4 14 19 22
34 | 4 14 19 23
16 | 4 14 19 31
17 | 4 14 19 35
65 | 4 14 20 70
65 | 4 14 20 74
28 | 4 14 21 22
32 | 4 14 21 23
16 | 4 14 21 29
17 | 4 14 21 33
26 | 4 14 22 33
24 | 4 14 22 35
75 | 4 14 22 64
73 | 4 14 22 66
61 | 4 14 22 68
59 | 4 14 22 70
26 | 4 14 23 29
24 | 4 14 23 31
71 | 4 14 23 64
69 | 4 14 23 66
61 | 4 14 23 72
59 | 4 14 23 74
61 | 4 14 24 68
61 | 4 14 24 72
22 | 4 14 25 31
23 | 4 14 25 35
59 | 4 14 26 70
59 | 4 14 26 74
22 | 4 14 27 29
23 | 4 14 27 33
75 | 4 14 28 58
75 | 4 14 28 64
73 | 4 14 30 60
73 | 4 14 30 66
71 | 4 14 32 58
71 | 4 14 32 64
69 | 4 14 34 60
69 | 4 14 34 66
31 | 4 15 16 25
28 | 4 15 16 26
21 | 4 15 16 33
18 | 4 15 16 34
74 | 4 15 16 58
73 | 4 15 16 61
66 | 4 15 16 68
65 | 4 15 16 71
35 | 4 15 17 25
32 | 4 15 17 26
21 | 4 15 17 29
18 | 4 15 17 30
70 | 4 15 17 58
69 | 4 15 17 61
66 | 4 15 17 72
65 | 4 15 17 75
66 | 4 15 18 68
66 | 4 15 18 72
31 | 4 15 19 22
35 | 4 15 19 23
16 | 4 15 19 30
17 | 4 15 19 34
28 | 4 15 20 22
32 | 4 15 20 23
16 | 4 15 20 29
17 | 4 15 20 33
65 | 4 15 21 71
65 | 4 15 21 75
27 | 4 15 22 33
24 | 4 15 22 34
74 | 4 15 22 64
73 | 4 15 22 67
60 | 4 15 22 68
59 | 4 15 22 71
27 | 4 15 23 29
24 | 4 15 23 30
70 | 4 15 23 64
69 | 4 15 23 67
60 | 4 15 23 72
59 | 4 15 23 75
60 | 4 15 24 68
60 | 4 15 24 72
22 | 4 15 25 30
23 | 4 15 25 34
22 | 4 15 26 29
23 | 4 15 26 33
59 | 4 15 27 71
59 | 4 15 27 75
74 | 4 15 28 58
74 | 4 15 28 64
73 | 4 15 31 61
73 | 4 15 31 67
70 | 4 15 32 58
70 | 4 15 32 64
69 | 4 15 35 61
69 | 4 15 35 67
51 | 4 16 19 60
51 | 4 16 19 61
73 | 4 16 22 46
73 | 4 16 22 47
51 | 4 16 22 76
51 | 4 16 22 77
51 | 4 16 24 76
51 | 4 16 24 77
6 | 4 16 25 34
7 | 4 16 25 35
6 | 4 16 26 33
2 | 4 16 26 39
79 | 4 16 26 42
73 | 4 16 26 46
55 | 4 16 26 68
51 | 4 16 26 76
7 | 4 16 27 33
2 | 4 16 27 38
78 | 4 16 27 42
73 | 4 16 27 47
54 | 4 16 27 68
51 | 4 16 27 77
49 | 4 16 29 70
49 | 4 16 29 71
49 | 4 16 32 76
49 | 4 16 32 77
0 | 4 16 34 39
79 | 4 16 34 40
65 | 4 16 34 46
55 | 4 16 34 58
49 | 4 16 34 76
0 | 4 16 35 38
78 | 4 16 35 40
65 | 4 16 35 47
54 | 4 16 35 58
49 | 4 16 35 77
75 | 4 16 38 40
67 | 4 16 38 42
51 | 4 16 38 60
49 | 4 16 38 70
74 | 4 16 39 40
66 | 4 16 39 42
51 | 4 16 39 61
49 | 4 16 39 71
50 | 4 17 19 60
50 | 4 17 19 61
69 | 4 17 23 46
69 | 4 17 23 47
50 | 4 17 23 76
50 | 4 17 23 77
50 | 4 17 24 76
50 | 4 17 24 77
6 | 4 17 25 30
7 | 4 17 25 31
6 | 4 17 26 29
3 | 4 17 26 39
79 | 4 17 26 43
69 | 4 17 26 46
55 | 4 17 26 72
50 | 4 17 26 76
7 | 4 17 27 29
3 | 4 17 27 38
78 | 4 17 27 43
69 | 4 17 27 47
54 | 4 17 27 72
50 | 4 17 27 77
49 | 4 17 28 76
49 | 4 17 28 77
0 | 4 17 30 39
79 | 4 17 30 40
65 | 4 17 30 46
55 | 4 17 30 58
49 | 4 17 30 76
0 | 4 17 31 38
78 | 4 17 31 40
65 | 4 17 31 47
54 | 4 17 31 58
49 | 4 17 31 77
49 | 4 17 33 74
49 | 4 17 33 75
71 | 4 17 38 40
67 | 4 17 38 43
50 | 4 17 38 60
49 | 4 17 38 74
70 | 4 17 39 40
66 | 4 17 39 43
50 | 4 17 39 61
49 | 4 17 39 75
51 | 4 18 22 76
51 | 4 18 22 77
50 | 4 18 23 76
50 | 4 18 23 77
55 | 4 18 26 68
55 | 4 18 26 72
54 | 4 18 27 68
54 | 4 18 27 72
49 | 4 18 29 70
49 | 4 18 29 71
49 | 4 18 33 74
49 | 4 18 33 75
49 | 4 18 38 70
49 | 4 18 38 74
49 | 4 18 39 71
49 | 4 18 39 75
55 | 4 19 20 56
55 | 4 19 20 57
54 | 4 19 21 56
54 | 4 19 21 57
6 | 4 19 22 34
7 | 4 19 22 35
6 | 4 19 23 30
7 | 4 19 23 31
2 | 4 19 26 31
3 | 4 19 26 35
2 | 4 19 27 30
3 | 4 19 27 34
51 | 4 19 28 60
51 | 4 19 28 61
63 | 4 19 29 46
63 | 4 19 29 47
67 | 4 19 30 42
63 | 4 19 30 46
55 | 4 19 30 56
51 | 4 19 30 60
66 | 4 19 31 42
63 | 4 19 31 47
54 | 4 19 31 56
51 | 4 19 31 61
50 | 4 19 32 60
50 | 4 19 32 61
62 | 4 19 33 46
62 | 4 19 33 47
67 | 4 19 34 43
62 | 4 19 34 46
55 | 4 19 34 57
50 | 4 19 34 60
66 | 4 19 35 43
62 | 4 19 35 47
54 | 4 19 35 57
50 | 4 19 35 61
55 | 4 19 36 56
55 | 4 19 36 57
54 | 4 19 37 56
54 | 4 19 37 57
67 | 4 19 38 42
67 | 4 19 38 43
66 | 4 19 39 42
66 | 4 19 39 43
6 | 4 20 22 33
2 | 4 20 22 39
79 | 4 20 22 42
73 | 4 20 22 46
55 | 4 20 22 68
51 | 4 20 22 76
6 | 4 20 23 29
3 | 4 20 23 39
79 | 4 20 23 43
69 | 4 20 23 46
55 | 4 20 23 72
50 | 4 20 23 76
55 | 4 20 24 68
55 | 4 20 24 72
2 | 4 20 25 31
3 | 4 20 25 35
79 | 4 20 26 42
79 | 4 20 26 43
55 | 4 20 26 68
55 | 4 20 26 72
0 | 4 20 29 35
75 | 4 20 29 40
63 | 4 20 29 46
55 | 4 20 29 56
49 | 4 20 29 70
0 | 4 20 31 33
73 | 4 20 31 40
65 | 4 20 31 42
51 | 4 20 31 58
49 | 4 20 31 68
71 | 4 20 33 40
62 | 4 20 33 46
55 | 4 20 33 57
49 | 4 20 33 74
69 | 4 20 35 40
65 | 4 20 35 43
50 | 4 20 35 58
49 | 4 20 35 72
49 | 4 20 37 68
49 | 4 20 37 72
49 | 4 20 38 70
49 | 4 20 38 74
7 | 4 21 22 33
2 | 4 21 22 38
78 | 4 21 22 42
73 | 4 21 22 47
54 | 4 21 22 68
51 | 4 21 22 77
7 | 4 21 23 29
3 | 4 21 23 38
78 | 4 21 23 43
69 | 4 21 23 47
54 | 4 21 23 72
50 | 4 21 23 77
54 | 4 21 24 68
54 | 4 21 24 72
2 | 4 21 25 30
3 | 4 21 25 34
78 | 4 21 27 42
78 | 4 21 27 43
54 | 4 21 27 68
54 | 4 21 27 72
0 | 4 21 29 34
74 | 4 21 29 40
63 | 4 21 29 47
54 | 4 21 29 56
49 | 4 21 29 71
0 | 4 21 30 33
73 | 4 21 30 40
65 | 4 21 30 42
51 | 4 21 30 58
49 | 4 21 30 68
70 | 4 21 33 40
62 | 4 21 33 47
54 | 4 21 33 57
49 | 4 21 33 75
69 | 4 21 34 40
65 | 4 21 34 43
50 | 4 21 34 58
49 | 4 21 34 72
49 | 4 21 36 68
49 | 4 21 36 72
49 | 4 21 39 71
49 | 4 21 39 75
51 | 4 22 25 66
51 | 4 22 25 67
48 | 4 22 29 70
48 | 4 22 29 71
48 | 4 22 32 76
48 | 4 22 32 77
1 | 4 22 34 39
79 | 4 22 34 41
59 | 4 22 34 46
55 | 4 22 34 64
48 | 4 22 34 76
1 | 4 22 35 38
78 | 4 22 35 41
59 | 4 22 35 47
54 | 4 22 35 64
48 | 4 22 35 77
75 | 4 22 38 41
61 | 4 22 38 42
51 | 4 22 38 66
48 | 4 22 38 70
74 | 4 22 39 41
60 | 4 22 39 42
51 | 4 22 39 67
48 | 4 22 39 71
50 | 4 23 25 66
50 | 4 23 25 67
48 | 4 23 28 76
48 | 4 23 28 77
1 | 4 23 30 39
79 | 4 23 30 41
59 | 4 23 30 46
55 | 4 23 30 64
48 | 4 23 30 76
1 | 4 23 31 38
78 | 4 23 31 41
59 | 4 23 31 47
54 | 4 23 31 64
48 | 4 23 31 77
48 | 4 23 33 74
48 | 4 23 33 75
71 | 4 23 38 41
61 | 4 23 38 43
50 | 4 23 38 66
48 | 4 23 38 74
70 | 4 23 39 41
60 | 4 23 39 43
50 | 4 23 39 67
48 | 4 23 39 75
48 | 4 24 29 70
48 | 4 24 29 71
48 | 4 24 33 74
48 | 4 24 33 75
48 | 4 24 38 70
48 | 4 24 38 74
48 | 4 24 39 71
48 | 4 24 39 75
55 | 4 25 26 62
55 | 4 25 26 63
54 | 4 25 27 62
54 | 4 25 27 63
51 | 4 25 28 66
51 | 4 25 28 67
57 | 4 25 29 46
57 | 4 25 29 47
61 | 4 25 30 42
57 | 4 25 30 46
55 | 4 25 30 62
51 | 4 25 30 66
60 | 4 25 31 42
57 | 4 25 31 47
54 | 4 25 31 62
51 | 4 25 31 67
50 | 4 25 32 66
50 | 4 25 32 67
56 | 4 25 33 46
56 | 4 25 33 47
61 | 4 25 34 43
56 | 4 25 34 46
55 | 4 25 34 63
50 | 4 25 34 66
60 | 4 25 35 43
56 | 4 25 35 47
54 | 4 25 35 63
50 | 4 25 35 67
55 | 4 25 36 62
55 | 4 25 36 63
54 | 4 25 37 62
54 | 4 25 37 63
61 | 4 25 38 42
61 | 4 25 38 43
60 | 4 25 39 42
60 | 4 25 39 43
1 | 4 26 29 35
75 | 4 26 29 41
57 | 4 26 29 46
55 | 4 26 29 62
48 | 4 26 29 70
1 | 4 26 31 33
73 | 4 26 31 41
59 | 4 26 31 42
51 | 4 26 31 64
48 | 4 26 31 68
71 | 4 26 33 41
56 | 4 26 33 46
55 | 4 26 33 63
48 | 4 26 33 74
69 | 4 26 35 41
59 | 4 26 35 43
50 | 4 26 35 64
48 | 4 26 35 72
48 | 4 26 37 68
48 | 4 26 37 72
48 | 4 26 38 70
48 | 4 26 38 74
1 | 4 27 29 34
74 | 4 27 29 41
57 | 4 27 29 47
54 | 4 27 29 62
48 | 4 27 29 71
1 | 4 27 30 33
73 | 4 27 30 41
59 | 4 27 30 42
51 | 4 27 30 64
48 | 4 27 30 68
70 | 4 27 33 41
56 | 4 27 33 47
54 | 4 27 33 63
48 | 4 27 33 75
69 | 4 27 34 41
59 | 4 27 34 43
50 | 4 27 34 64
48 | 4 27 34 72
48 | 4 27 36 68
48 | 4 27 36 72
48 | 4 27 39 71
48 | 4 27 39 75
55 | 4 28 34 58
55 | 4 28 34 64
54 | 4 28 35 58
54 | 4 28 35 64
51 | 4 28 38 60
51 | 4 28 38 66
51 | 4 28 39 61
51 | 4 28 39 67
55 | 4 29 30 56
55 | 4 29 30 62
54 | 4 29 31 56
54 | 4 29 31 62
55 | 4 29 36 56
55 | 4 29 36 62
54 | 4 29 37 56
54 | 4 29 37 62
75 | 4 29 38 40
75 | 4 29 38 41
74 | 4 29 39 40
74 | 4 29 39 41
55 | 4 30 32 58
55 | 4 30 32 64
79 | 4 30 34 40
79 | 4 30 34 41
55 | 4 30 34 58
55 | 4 30 34 64
51 | 4 30 37 58
51 | 4 30 37 64
51 | 4 30 38 60
51 | 4 30 38 66
54 | 4 31 32 58
54 | 4 31 32 64
78 | 4 31 35 40
78 | 4 31 35 41
54 | 4 31 35 58
54 | 4 31 35 64
51 | 4 31 36 58
51 | 4 31 36 64
51 | 4 31 39 61
51 | 4 31 39 67
50 | 4 32 38 60
50 | 4 32 38 66
50 | 4 32 39 61
50 | 4 32 39 67
55 | 4 33 34 57
55 | 4 33 34 63
54 | 4 33 35 57
54 | 4 33 35 63
55 | 4 33 36 57
55 | 4 33 36 63
54 | 4 33 37 57
54 | 4 33 37 63
71 | 4 33 38 40
71 | 4 33 38 41
70 | 4 33 39 40
70 | 4 33 39 41
50 | 4 34 37 58
50 | 4 34 37 64
50 | 4 34 38 60
50 | 4 34 38 66
50 | 4 35 36 58
50 | 4 35 36 64
50 | 4 35 39 61
50 | 4 35 39 67
77 | 5 6 8 56
77 | 5 6 8 57
77 | 5 6 9 62
77 | 5 6 9 63
77 | 5 6 10 56
77 | 5 6 10 62
77 | 5 6 11 57
77 | 5 6 11 63
67 | 5 6 18 42
67 | 5 6 18 43
64 | 5 6 21 42
64 | 5 6 21 43
61 | 5 6 24 42
61 | 5 6 24 43
58 | 5 6 27 42
58 | 5 6 27 43
75 | 5 6 28 40
75 | 5 6 28 41
72 | 5 6 31 40
72 | 5 6 31 41
71 | 5 6 32 40
71 | 5 6 32 41
68 | 5 6 35 40
68 | 5 6 35 41
76 | 5 7 8 56
76 | 5 7 8 57
76 | 5 7 9 62
76 | 5 7 9 63
76 | 5 7 10 56
76 | 5 7 10 62
76 | 5 7 11 57
76 | 5 7 11 63
66 | 5 7 18 42
66 | 5 7 18 43
64 | 5 7 20 42
64 | 5 7 20 43
60 | 5 7 24 42
60 | 5 7 24 43
58 | 5 7 26 42
58 | 5 7 26 43
74 | 5 7 28 40
74 | 5 7 28 41
72 | 5 7 30 40
72 | 5 7 30 41
70 | 5 7 32 40
70 | 5 7 32 41
68 | 5 7 34 40
68 | 5 7 34 41
63 | 5 8 10 78
63 | 5 8 10 79
62 | 5 8 11 78
62 | 5 8 11 79
67 | 5 8 14 69
67 | 5 8 14 73
66 | 5 8 15 69
66 | 5 8 15 73
72 | 5 8 16 60
72 | 5 8 16 61
68 | 5 8 17 60
68 | 5 8 17 61
77 | 5 8 20 56
77 | 5 8 20 57
76 | 5 8 21 56
76 | 5 8 21 57
38 | 5 8 22 34
39 | 5 8 22 35
30 | 5 8 22 36
31 | 5 8 22 37
38 | 5 8 23 30
39 | 5 8 23 31
34 | 5 8 23 36
35 | 5 8 23 37
30 | 5 8 26 28
29 | 5 8 26 31
34 | 5 8 26 32
33 | 5 8 26 35
31 | 5 8 27 28
29 | 5 8 27 30
35 | 5 8 27 32
33 | 5 8 27 34
20 | 5 8 28 34
21 | 5 8 28 35
63 | 5 8 29 78
63 | 5 8 29 79
20 | 5 8 30 32
16 | 5 8 30 37
77 | 5 8 30 56
72 | 5 8 30 60
67 | 5 8 30 69
63 | 5 8 30 78
21 | 5 8 31 32
16 | 5 8 31 36
76 | 5 8 31 56
72 | 5 8 31 61
66 | 5 8 31 69
63 | 5 8 31 79
62 | 5 8 33 78
62 | 5 8 33 79
17 | 5 8 34 37
77 | 5 8 34 57
68 | 5 8 34 60
67 | 5 8 34 73
62 | 5 8 34 78
17 | 5 8 35 36
76 | 5 8 35 57
68 | 5 8 35 61
66 | 5 8 35 73
62 | 5 8 35 79
67 | 5 8 38 69
67 | 5 8 38 73
66 | 5 8 39 69
66 | 5 8 39 73
57 | 5 9 10 78
57 | 5 9 10 79
56 | 5 9 11 78
56 | 5 9 11 79
61 | 5 9 14 69
61 | 5 9 14 73
60 | 5 9 15 69
60 | 5 9 15 73
38 | 5 9 16 34
39 | 5 9 16 35
30 | 5 9 16 36
31 | 5 9 16 37
38 | 5 9 17 30
39 | 5 9 17 31
34 | 5 9 17 36
35 | 5 9 17 37
30 | 5 9 20 28
29 | 5 9 20 31
34 | 5 9 20 32
33 | 5 9 20 35
31 | 5 9 21 28
29 | 5 9 21 30
35 | 5 9 21 32
33 | 5 9 21 34
72 | 5 9 22 66
72 | 5 9 22 67
68 | 5 9 23 66
68 | 5 9 23 67
77 | 5 9 26 62
77 | 5 9 26 63
76 | 5 9 27 62
76 | 5 9 27 63
26 | 5 9 28 34
27 | 5 9 28 35
57 | 5 9 29 78
57 | 5 9 29 79
26 | 5 9 30 32
22 | 5 9 30 37
77 | 5 9 30 62
72 | 5 9 30 66
61 | 5 9 30 69
57 | 5 9 30 78
27 | 5 9 31 32
22 | 5 9 31 36
76 | 5 9 31 62
72 | 5 9 31 67
60 | 5 9 31 69
57 | 5 9 31 79
56 | 5 9 33 78
56 | 5 9 33 79
23 | 5 9 34 37
77 | 5 9 34 63
68 | 5 9 34 66
61 | 5 9 34 73
56 | 5 9 34 78
23 | 5 9 35 36
76 | 5 9 35 63
68 | 5 9 35 67
60 | 5 9 35 73
56 | 5 9 35 79
61 | 5 9 38 69
61 | 5 9 38 73
60 | 5 9 39 69
60 | 5 9 39 73
75 | 5 10 14 59
75 | 5 10 14 65
74 | 5 10 15 59
74 | 5 10 15 65
64 | 5 10 16 70
64 | 5 10 16 71
38 | 5 10 17 26
39 | 5 10 17 27
20 | 5 10 17 36
21 | 5 10 17 37
30 | 5 10 18 26
31 | 5 10 18 27
20 | 5 10 18 34
21 | 5 10 18 35
63 | 5 10 19 78
63 | 5 10 19 79
38 | 5 10 20 23
30 | 5 10 20 24
19 | 5 10 20 35
16 | 5 10 20 37
77 | 5 10 20 56
75 | 5 10 20 59
64 | 5 10 20 70
63 | 5 10 20 78
39 | 5 10 21 23
31 | 5 10 21 24
19 | 5 10 21 34
16 | 5 10 21 36
76 | 5 10 21 56
74 | 5 10 21 59
64 | 5 10 21 71
63 | 5 10 21 79
58 | 5 10 22 70
58 | 5 10 22 71
26 | 5 10 23 36
27 | 5 10 23 37
26 | 5 10 24 34
27 | 5 10 24 35
57 | 5 10 25 78
57 | 5 10 25 79
25 | 5 10 26 35
22 | 5 10 26 37
77 | 5 10 26 62
75 | 5 10 26 65
58 | 5 10 26 70
57 | 5 10 26 78
25 | 5 10 27 34
22 | 5 10 27 36
76 | 5 10 27 62
74 | 5 10 27 65
58 | 5 10 27 71
57 | 5 10 27 79
77 | 5 10 30 56
77 | 5 10 30 62
76 | 5 10 31 56
76 | 5 10 31 62
75 | 5 10 38 59
75 | 5 10 38 65
74 | 5 10 39 59
74 | 5 10 39 65
71 | 5 11 14 59
71 | 5 11 14 65
70 | 5 11 15 59
70 | 5 11 15 65
38 | 5 11 16 26
39 | 5 11 16 27
20 | 5 11 16 36
21 | 5 11 16 37
64 | 5 11 17 74
64 | 5 11 17 75
34 | 5 11 18 26
35 | 5 11 18 27
20 | 5 11 18 30
21 | 5 11 18 31
62 | 5 11 19 78
62 | 5 11 19 79
38 | 5 11 20 22
34 | 5 11 20 24
19 | 5 11 20 31
17 | 5 11 20 37
77 | 5 11 20 57
71 | 5 11 20 59
64 | 5 11 20 74
62 | 5 11 20 78
39 | 5 11 21 22
35 | 5 11 21 24
19 | 5 11 21 30
17 | 5 11 21 36
76 | 5 11 21 57
70 | 5 11 21 59
64 | 5 11 21 75
62 | 5 11 21 79
26 | 5 11 22 36
27 | 5 11 22 37
58 | 5 11 23 74
58 | 5 11 23 75
26 | 5 11 24 30
27 | 5 11 24 31
56 | 5 11 25 78
56 | 5 11 25 79
25 | 5 11 26 31
23 | 5 11 26 37
77 | 5 11 26 63
71 | 5 11 26 65
58 | 5 11 26 74
56 | 5 11 26 78
25 | 5 11 27 30
23 | 5 11 27 36
76 | 5 11 27 63
70 | 5 11 27 65
58 | 5 11 27 75
56 | 5 11 27 79
77 | 5 11 34 57
77 | 5 11 34 63
76 | 5 11 35 57
76 | 5 11 35 63
71 | 5 11 38 59
71 | 5 11 38 65
70 | 5 11 39 59
70 | 5 11 39 65
72 | 5 13 16 60
72 | 5 13 16 61
64 | 5 13 16 70
64 | 5 13 16 71
68 | 5 13 17 60
68 | 5 13 17 61
64 | 5 13 17 74
64 | 5 13 17 75
77 | 5 13 20 56
77 | 5 13 20 57
64 | 5 13 20 70
64 | 5 13 20 74
76 | 5 13 21 56
76 | 5 13 21 57
64 | 5 13 21 71
64 | 5 13 21 75
72 | 5 13 22 66
72 | 5 13 22 67
58 | 5 13 22 70
58 | 5 13 22 71
68 | 5 13 23 66
68 | 5 13 23 67
58 | 5 13 23 74
58 | 5 13 23 75
77 | 5 13 26 62
77 | 5 13 26 63
58 | 5 13 26 70
58 | 5 13 26 74
76 | 5 13 27 62
76 | 5 13 27 63
58 | 5 13 27 71
58 | 5 13 27 75
77 | 5 13 30 56
72 | 5 13 30 60
77 | 5 13 30 62
72 | 5 13 30 66
76 | 5 13 31 56
72 | 5 13 31 61
76 | 5 13 31 62
72 | 5 13 31 67
77 | 5 13 34 57
68 | 5 13 34 60
77 | 5 13 34 63
68 | 5 13 34 66
76 | 5 13 35 57
68 | 5 13 35 61
76 | 5 13 35 63
68 | 5 13 35 67
30 | 5 14 16 24
29 | 5 14 16 27
20 | 5 14 16 32
19 | 5 14 16 35
75 | 5 14 16 59
72 | 5 14 16 60
67 | 5 14 16 69
64 | 5 14 16 70
34 | 5 14 17 24
33 | 5 14 17 27
20 | 5 14 17 28
19 | 5 14 17 31
71 | 5 14 17 59
68 | 5 14 17 60
67 | 5 14 17 73
64 | 5 14 17 74
30 | 5 14 18 22
34 | 5 14 18 23
16 | 5 14 18 31
17 | 5 14 18 35
67 | 5 14 19 69
67 | 5 14 19 73
64 | 5 14 20 70
64 | 5 14 20 74
29 | 5 14 21 22
33 | 5 14 21 23
16 | 5 14 21 28
17 | 5 14 21 32
26 | 5 14 22 32
25 | 5 14 22 35
75 | 5 14 22 65
72 | 5 14 22 66
61 | 5 14 22 69
58 | 5 14 22 70
26 | 5 14 23 28
25 | 5 14 23 31
71 | 5 14 23 65
68 | 5 14 23 66
61 | 5 14 23 73
58 | 5 14 23 74
22 | 5 14 24 31
23 | 5 14 24 35
61 | 5 14 25 69
61 | 5 14 25 73
58 | 5 14 26 70
58 | 5 14 26 74
22 | 5 14 27 28
23 | 5 14 27 32
75 | 5 14 29 59
75 | 5 14 29 65
72 | 5 14 30 60
72 | 5 14 30 66
71 | 5 14 33 59
71 | 5 14 33 65
68 | 5 14 34 60
68 | 5 14 34 66
31 | 5 15 16 24
29 | 5 15 16 26
21 | 5 15 16 32
19 | 5 15 16 34
74 | 5 15 16 59
72 | 5 15 16 61
66 | 5 15 16 69
64 | 5 15 16 71
35 | 5 15 17 24
33 | 5 15 17 26
21 | 5 15 17 28
19 | 5 15 17 30
70 | 5 15 17 59
68 | 5 15 17 61
66 | 5 15 17 73
64 | 5 15 17 75
31 | 5 15 18 22
35 | 5 15 18 23
16 | 5 15 18 30
17 | 5 15 18 34
66 | 5 15 19 69
66 | 5 15 19 73
29 | 5 15 20 22
33 | 5 15 20 23
16 | 5 15 20 28
17 | 5 15 20 32
64 | 5 15 21 71
64 | 5 15 21 75
27 | 5 15 22 32
25 | 5 15 22 34
74 | 5 15 22 65
72 | 5 15 22 67
60 | 5 15 22 69
58 | 5 15 22 71
27 | 5 15 23 28
25 | 5 15 23 30
70 | 5 15 23 65
68 | 5 15 23 67
60 | 5 15 23 73
58 | 5 15 23 75
22 | 5 15 24 30
23 | 5 15 24 34
60 | 5 15 25 69
60 | 5 15 25 73
22 | 5 15 26 28
23 | 5 15 26 32
58 | 5 15 27 71
58 | 5 15 27 75
74 | 5 15 29 59
74 | 5 15 29 65
72 | 5 15 31 61
72 | 5 15 31 67
70 | 5 15 33 59
70 | 5 15 33 65
68 | 5 15 35 61
68 | 5 15 35 67
51 | 5 16 18 60
51 | 5 16 18 61
72 | 5 16 22 46
72 | 5 16 22 47
51 | 5 16 22 78
51 | 5 16 22 79
6 | 5 16 24 34
7 | 5 16 24 35
51 | 5 16 25 78
51 | 5 16 25 79
6 | 5 16 26 32
2 | 5 16 26 37
77 | 5 16 26 42
72 | 5 16 26 46
55 | 5 16 26 69
51 | 5 16 26 78
7 | 5 16 27 32
2 | 5 16 27 36
76 | 5 16 27 42
72 | 5 16 27 47
54 | 5 16 27 69
51 | 5 16 27 79
49 | 5 16 28 70
49 | 5 16 28 71
49 | 5 16 33 78
49 | 5 16 33 79
0 | 5 16 34 37
77 | 5 16 34 40
64 | 5 16 34 46
55 | 5 16 34 59
49 | 5 16 34 78
0 | 5 16 35 36
76 | 5 16 35 40
64 | 5 16 35 47
54 | 5 16 35 59
49 | 5 16 35 79
75 | 5 16 36 40
67 | 5 16 36 42
51 | 5 16 36 60
49 | 5 16 36 70
74 | 5 16 37 40
66 | 5 16 37 42
51 | 5 16 37 61
49 | 5 16 37 71
50 | 5 17 18 60
50 | 5 17 18 61
68 | 5 17 23 46
68 | 5 17 23 47
50 | 5 17 23 78
50 | 5 17 23 79
6 | 5 17 24 30
7 | 5 17 24 31
50 | 5 17 25 78
50 | 5 17 25 79
6 | 5 17 26 28
3 | 5 17 26 37
77 | 5 17 26 43
68 | 5 17 26 46
55 | 5 17 26 73
50 | 5 17 26 78
7 | 5 17 27 28
3 | 5 17 27 36
76 | 5 17 27 43
68 | 5 17 27 47
54 | 5 17 27 73
50 | 5 17 27 79
49 | 5 17 29 78
49 | 5 17 29 79
0 | 5 17 30 37
77 | 5 17 30 40
64 | 5 17 30 46
55 | 5 17 30 59
49 | 5 17 30 78
0 | 5 17 31 36
76 | 5 17 31 40
64 | 5 17 31 47
54 | 5 17 31 59
49 | 5 17 31 79
49 | 5 17 32 74
49 | 5 17 32 75
71 | 5 17 36 40
67 | 5 17 36 43
50 | 5 17 36 60
49 | 5 17 36 74
70 | 5 17 37 40
66 | 5 17 37 43
50 | 5 17 37 61
49 | 5 17 37 75
55 | 5 18 20 56
55 | 5 18 20 57
54 | 5 18 21 56
54 | 5 18 21 57
6 | 5 18 22 34
7 | 5 18 22 35
6 | 5 18 23 30
7 | 5 18 23 31
2 | 5 18 26 31
3 | 5 18 26 35
2 | 5 18 27 30
3 | 5 18 27 34
63 | 5 18 28 46
63 | 5 18 28 47
51 | 5 18 29 60
51 | 5 18 29 61
67 | 5 18 30 42
63 | 5 18 30 46
55 | 5 18 30 56
51 | 5 18 30 60
66 | 5 18 31 42
63 | 5 18 31 47
54 | 5 18 31 56
51 | 5 18 31 61
62 | 5 18 32 46
62 | 5 18 32 47
50 | 5 18 33 60
50 | 5 18 33 61
67 | 5 18 34 43
62 | 5 18 34 46
55 | 5 18 34 57
50 | 5 18 34 60
66 | 5 18 35 43
62 | 5 18 35 47
54 | 5 18 35 57
50 | 5 18 35 61
67 | 5 18 36 42
67 | 5 18 36 43
66 | 5 18 37 42
66 | 5 18 37 43
55 | 5 18 38 56
55 | 5 18 38 57
54 | 5 18 39 56
54 | 5 18 39 57
51 | 5 19 22 78
51 | 5 19 22 79
50 | 5 19 23 78
50 | 5 19 23 79
55 | 5 19 26 69
55 | 5 19 26 73
54 | 5 19 27 69
54 | 5 19 27 73
49 | 5 19 28 70
49 | 5 19 28 71
49 | 5 19 32 74
49 | 5 19 32 75
49 | 5 19 36 70
49 | 5 19 36 74
49 | 5 19 37 71
49 | 5 19 37 75
6 | 5 20 22 32
2 | 5 20 22 37
77 | 5 20 22 42
72 | 5 20 22 46
55 | 5 20 22 69
51 | 5 20 22 78
6 | 5 20 23 28
3 | 5 20 23 37
77 | 5 20 23 43
68 | 5 20 23 46
55 | 5 20 23 73
50 | 5 20 23 78
2 | 5 20 24 31
3 | 5 20 24 35
55 | 5 20 25 69
55 | 5 20 25 73
77 | 5 20 26 42
77 | 5 20 26 43
55 | 5 20 26 69
55 | 5 20 26 73
0 | 5 20 28 35
75 | 5 20 28 40
63 | 5 20 28 46
55 | 5 20 28 56
49 | 5 20 28 70
0 | 5 20 31 32
72 | 5 20 31 40
64 | 5 20 31 42
51 | 5 20 31 59
49 | 5 20 31 69
71 | 5 20 32 40
62 | 5 20 32 46
55 | 5 20 32 57
49 | 5 20 32 74
68 | 5 20 35 40
64 | 5 20 35 43
50 | 5 20 35 59
49 | 5 20 35 73
49 | 5 20 36 70
49 | 5 20 36 74
49 | 5 20 39 69
49 | 5 20 39 73
7 | 5 21 22 32
2 | 5 21 22 36
76 | 5 21 22 42
72 | 5 21 22 47
54 | 5 21 22 69
51 | 5 21 22 79
7 | 5 21 23 28
3 | 5 21 23 36
76 | 5 21 23 43
68 | 5 21 23 47
54 | 5 21 23 73
50 | 5 21 23 79
2 | 5 21 24 30
3 | 5 21 24 34
54 | 5 21 25 69
54 | 5 21 25 73
76 | 5 21 27 42
76 | 5 21 27 43
54 | 5 21 27 69
54 | 5 21 27 73
0 | 5 21 28 34
74 | 5 21 28 40
63 | 5 21 28 47
54 | 5 21 28 56
49 | 5 21 28 71
0 | 5 21 30 32
72 | 5 21 30 40
64 | 5 21 30 42
51 | 5 21 30 59
49 | 5 21 30 69
70 | 5 21 32 40
62 | 5 21 32 47
54 | 5 21 32 57
49 | 5 21 32 75
68 | 5 21 34 40
64 | 5 21 34 43
50 | 5 21 34 59
49 | 5 21 34 73
49 | 5 21 37 71
49 | 5 21 37 75
49 | 5 21 38 69
49 | 5 21 38 73
51 | 5 22 24 66
51 | 5 22 24 67
48 | 5 22 28 70
48 | 5 22 28 71
48 | 5 22 33 78
48 | 5 22 33 79
1 | 5 22 34 37
77 | 5 22 34 41
58 | 5 22 34 46
55 | 5 22 34 65
48 | 5 22 34 78
1 | 5 22 35 36
76 | 5 22 35 41
58 | 5 22 35 47
54 | 5 22 35 65
48 | 5 22 35 79
75 | 5 22 36 41
61 | 5 22 36 42
51 | 5 22 36 66
48 | 5 22 36 70
74 | 5 22 37 41
60 | 5 22 37 42
51 | 5 22 37 67
48 | 5 22 37 71
50 | 5 23 24 66
50 | 5 23 24 67
48 | 5 23 29 78
48 | 5 23 29 79
1 | 5 23 30 37
77 | 5 23 30 41
58 | 5 23 30 46
55 | 5 23 30 65
48 | 5 23 30 78
1 | 5 23 31 36
76 | 5 23 31 41
58 | 5 23 31 47
54 | 5 23 31 65
48 | 5 23 31 79
48 | 5 23 32 74
48 | 5 23 32 75
71 | 5 23 36 41
61 | 5 23 36 43
50 | 5 23 36 66
48 | 5 23 36 74
70 | 5 23 37 41
60 | 5 23 37 43
50 | 5 23 37 67
48 | 5 23 37 75
55 | 5 24 26 62
55 | 5 24 26 63
54 | 5 24 27 62
54 | 5 24 27 63
57 | 5 24 28 46
57 | 5 24 28 47
51 | 5 24 29 66
51 | 5 24 29 67
61 | 5 24 30 42
57 | 5 24 30 46
55 | 5 24 30 62
51 | 5 24 30 66
60 | 5 24 31 42
57 | 5 24 31 47
54 | 5 24 31 62
51 | 5 24 31 67
56 | 5 24 32 46
56 | 5 24 32 47
50 | 5 24 33 66
50 | 5 24 33 67
61 | 5 24 34 43
56 | 5 24 34 46
55 | 5 24 34 63
50 | 5 24 34 66
60 | 5 24 35 43
56 | 5 24 35 47
54 | 5 24 35 63
50 | 5 24 35 67
61 | 5 24 36 42
61 | 5 24 36 43
60 | 5 24 37 42
60 | 5 24 37 43
55 | 5 24 38 62
55 | 5 24 38 63
54 | 5 24 39 62
54 | 5 24 39 63
48 | 5 25 28 70
48 | 5 25 28 71
48 | 5 25 32 74
48 | 5 25 32 75
48 | 5 25 36 70
48 | 5 25 36 74
48 | 5 25 37 71
48 | 5 25 37 75
1 | 5 26 28 35
75 | 5 26 28 41
57 | 5 26 28 46
55 | 5 26 28 62
48 | 5 26 28 70
1 | 5 26 31 32
72 | 5 26 31 41
58 | 5 26 31 42
51 | 5 26 31 65
48 | 5 26 31 69
71 | 5 26 32 41
56 | 5 26 32 46
55 | 5 26 32 63
48 | 5 26 32 74
68 | 5 26 35 41
58 | 5 26 35 43
50 | 5 26 35 65
48 | 5 26 35 73
48 | 5 26 36 70
48 | 5 26 36 74
48 | 5 26 39 69
48 | 5 26 39 73
1 | 5 27 28 34
74 | 5 27 28 41
57 | 5 27 28 47
54 | 5 27 28 62
48 | 5 27 28 71
1 | 5 27 30 32
72 | 5 27 30 41
58 | 5 27 30 42
51 | 5 27 30 65
48 | 5 27 30 69
70 | 5 27 32 41
56 | 5 27 32 47
54 | 5 27 32 63
48 | 5 27 32 75
68 | 5 27 34 41
58 | 5 27 34 43
50 | 5 27 34 65
48 | 5 27 34 73
48 | 5 27 37 71
48 | 5 27 37 75
48 | 5 27 38 69
48 | 5 27 38 73
55 | 5 28 30 56
55 | 5 28 30 62
54 | 5 28 31 56
54 | 5 28 31 62
75 | 5 28 36 40
75 | 5 28 36 41
74 | 5 28 37 40
74 | 5 28 37 41
55 | 5 28 38 56
55 | 5 28 38 62
54 | 5 28 39 56
54 | 5 28 39 62
55 | 5 29 34 59
55 | 5 29 34 65
54 | 5 29 35 59
54 | 5 29 35 65
51 | 5 29 36 60
51 | 5 29 36 66
51 | 5 29 37 61
51 | 5 29 37 67
55 | 5 30 33 59
55 | 5 30 33 65
77 | 5 30 34 40
77 | 5 30 34 41
55 | 5 30 34 59
55 | 5 30 34 65
51 | 5 30 36 60
51 | 5 30 36 66
51 | 5 30 39 59
51 | 5 30 39 65
54 | 5 31 33 59
54 | 5 31 33 65
76 | 5 31 35 40
76 | 5 31 35 41
54 | 5 31 35 59
54 | 5 31 35 65
51 | 5 31 37 61
51 | 5 31 37 67
51 | 5 31 38 59
51 | 5 31 38 65
55 | 5 32 34 57
55 | 5 32 34 63
54 | 5 32 35 57
54 | 5 32 35 63
71 | 5 32 36 40
71 | 5 32 36 41
70 | 5 32 37 40
70 | 5 32 37 41
55 | 5 32 38 57
55 | 5 32 38 63
54 | 5 32 39 57
54 | 5 32 39 63
50 | 5 33 36 60
50 | 5 33 36 66
50 | 5 33 37 61
50 | 5 33 37 67
50 | 5 34 36 60
50 | 5 34 36 66
50 | 5 34 39 59
50 | 5 34 39 65
50 | 5 35 37 61
50 | 5 35 37 67
50 | 5 35 38 59
50 | 5 35 38 65
63 | 6 8 10 76
63 | 6 8 10 78
62 | 6 8 11 76
62 | 6 8 11 78
65 | 6 8 12 70
65 | 6 8 12 74
64 | 6 8 13 70
64 | 6 8 13 74
75 | 6 8 16 58
75 | 6 8 16 59
71 | 6 8 17 58
71 | 6 8 17 59
79 | 6 8 18 56
79 | 6 8 18 57
77 | 6 8 19 56
77 | 6 8 19 57
36 | 6 8 22 32
38 | 6 8 22 33
28 | 6 8 22 37
29 | 6 8 22 39
36 | 6 8 23 28
38 | 6 8 23 29
32 | 6 8 23 37
33 | 6 8 23 39
30 | 6 8 24 29
28 | 6 8 24 31
34 | 6 8 24 33
32 | 6 8 24 35
30 | 6 8 25 28
29 | 6 8 25 31
34 | 6 8 25 32
33 | 6 8 25 35
18 | 6 8 28 35
16 | 6 8 28 39
79 | 6 8 28 56
75 | 6 8 28 58
65 | 6 8 28 70
63 | 6 8 28 76
19 | 6 8 29 35
16 | 6 8 29 37
77 | 6 8 29 56
75 | 6 8 29 59
64 | 6 8 29 70
63 | 6 8 29 78
63 | 6 8 30 76
63 | 6 8 30 78
18 | 6 8 31 32
19 | 6 8 31 33
17 | 6 8 32 39
79 | 6 8 32 57
71 | 6 8 32 58
65 | 6 8 32 74
62 | 6 8 32 76
17 | 6 8 33 37
77 | 6 8 33 57
71 | 6 8 33 59
64 | 6 8 33 74
62 | 6 8 33 78
62 | 6 8 34 76
62 | 6 8 34 78
65 | 6 8 36 70
65 | 6 8 36 74
64 | 6 8 38 70
64 | 6 8 38 74
57 | 6 9 10 76
57 | 6 9 10 78
56 | 6 9 11 76
56 | 6 9 11 78
59 | 6 9 12 70
59 | 6 9 12 74
58 | 6 9 13 70
58 | 6 9 13 74
36 | 6 9 16 32
38 | 6 9 16 33
28 | 6 9 16 37
29 | 6 9 16 39
36 | 6 9 17 28
38 | 6 9 17 29
32 | 6 9 17 37
33 | 6 9 17 39
30 | 6 9 18 29
28 | 6 9 18 31
34 | 6 9 18 33
32 | 6 9 18 35
30 | 6 9 19 28
29 | 6 9 19 31
34 | 6 9 19 32
33 | 6 9 19 35
75 | 6 9 22 64
75 | 6 9 22 65
71 | 6 9 23 64
71 | 6 9 23 65
79 | 6 9 24 62
79 | 6 9 24 63
77 | 6 9 25 62
77 | 6 9 25 63
24 | 6 9 28 35
22 | 6 9 28 39
79 | 6 9 28 62
75 | 6 9 28 64
59 | 6 9 28 70
57 | 6 9 28 76
25 | 6 9 29 35
22 | 6 9 29 37
77 | 6 9 29 62
75 | 6 9 29 65
58 | 6 9 29 70
57 | 6 9 29 78
57 | 6 9 30 76
57 | 6 9 30 78
24 | 6 9 31 32
25 | 6 9 31 33
23 | 6 9 32 39
79 | 6 9 32 63
71 | 6 9 32 64
59 | 6 9 32 74
56 | 6 9 32 76
23 | 6 9 33 37
77 | 6 9 33 63
71 | 6 9 33 65
58 | 6 9 33 74
56 | 6 9 33 78
56 | 6 9 34 76
56 | 6 9 34 78
59 | 6 9 36 70
59 | 6 9 36 74
58 | 6 9 38 70
58 | 6 9 38 74
73 | 6 10 12 60
73 | 6 10 12 66
72 | 6 10 13 60
72 | 6 10 13 66
67 | 6 10 16 68
67 | 6 10 16 69
36 | 6 10 17 24
38 | 6 10 17 25
18 | 6 10 17 37
19 | 6 10 17 39
36 | 6 10 18 23
28 | 6 10 18 27
20 | 6 10 18 33
16 | 6 10 18 39
79 | 6 10 18 56
73 | 6 10 18 60
67 | 6 10 18 68
63 | 6 10 18 76
38 | 6 10 19 23
29 | 6 10 19 27
20 | 6 10 19 32
16 | 6 10 19 37
77 | 6 10 19 56
72 | 6 10 19 60
67 | 6 10 19 69
63 | 6 10 19 78
63 | 6 10 20 76
63 | 6 10 20 78
28 | 6 10 21 24
29 | 6 10 21 25
18 | 6 10 21 32
19 | 6 10 21 33
61 | 6 10 22 68
61 | 6 10 22 69
24 | 6 10 23 37
25 | 6 10 23 39
26 | 6 10 24 33
22 | 6 10 24 39
79 | 6 10 24 62
73 | 6 10 24 66
61 | 6 10 24 68
57 | 6 10 24 76
26 | 6 10 25 32
22 | 6 10 25 37
77 | 6 10 25 62
72 | 6 10 25 66
61 | 6 10 25 69
57 | 6 10 25 78
57 | 6 10 26 76
57 | 6 10 26 78
24 | 6 10 27 32
25 | 6 10 27 33
79 | 6 10 28 56
79 | 6 10 28 62
77 | 6 10 29 56
77 | 6 10 29 62
73 | 6 10 36 60
73 | 6 10 36 66
72 | 6 10 38 60
72 | 6 10 38 66
69 | 6 11 12 60
69 | 6 11 12 66
68 | 6 11 13 60
68 | 6 11 13 66
36 | 6 11 16 24
38 | 6 11 16 25
18 | 6 11 16 37
19 | 6 11 16 39
67 | 6 11 17 72
67 | 6 11 17 73
36 | 6 11 18 22
32 | 6 11 18 27
20 | 6 11 18 29
17 | 6 11 18 39
79 | 6 11 18 57
69 | 6 11 18 60
67 | 6 11 18 72
62 | 6 11 18 76
38 | 6 11 19 22
33 | 6 11 19 27
20 | 6 11 19 28
17 | 6 11 19 37
77 | 6 11 19 57
68 | 6 11 19 60
67 | 6 11 19 73
62 | 6 11 19 78
62 | 6 11 20 76
62 | 6 11 20 78
32 | 6 11 21 24
33 | 6 11 21 25
18 | 6 11 21 28
19 | 6 11 21 29
24 | 6 11 22 37
25 | 6 11 22 39
61 | 6 11 23 72
61 | 6 11 23 73
26 | 6 11 24 29
23 | 6 11 24 39
79 | 6 11 24 63
69 | 6 11 24 66
61 | 6 11 24 72
56 | 6 11 24 76
26 | 6 11 25 28
23 | 6 11 25 37
77 | 6 11 25 63
68 | 6 11 25 66
61 | 6 11 25 73
56 | 6 11 25 78
56 | 6 11 26 76
56 | 6 11 26 78
24 | 6 11 27 28
25 | 6 11 27 29
79 | 6 11 32 57
79 | 6 11 32 63
77 | 6 11 33 57
77 | 6 11 33 63
69 | 6 11 36 60
69 | 6 11 36 66
68 | 6 11 38 60
68 | 6 11 38 66
30 | 6 12 16 25
28 | 6 12 16 27
20 | 6 12 16 33
18 | 6 12 16 35
75 | 6 12 16 58
73 | 6 12 16 60
67 | 6 12 16 68
65 | 6 12 16 70
34 | 6 12 17 25
32 | 6 12 17 27
20 | 6 12 17 29
18 | 6 12 17 31
71 | 6 12 17 58
69 | 6 12 17 60
67 | 6 12 17 72
65 | 6 12 17 74
67 | 6 12 18 68
67 | 6 12 18 72
30 | 6 12 19 22
34 | 6 12 19 23
16 | 6 12 19 31
17 | 6 12 19 35
65 | 6 12 20 70
65 | 6 12 20 74
28 | 6 12 21 22
32 | 6 12 21 23
16 | 6 12 21 29
17 | 6 12 21 33
26 | 6 12 22 33
24 | 6 12 22 35
75 | 6 12 22 64
73 | 6 12 22 66
61 | 6 12 22 68
59 | 6 12 22 70
26 | 6 12 23 29
24 | 6 12 23 31
71 | 6 12 23 64
69 | 6 12 23 66
61 | 6 12 23 72
59 | 6 12 23 74
61 | 6 12 24 68
61 | 6 12 24 72
22 | 6 12 25 31
23 | 6 12 25 35
59 | 6 12 26 70
59 | 6 12 26 74
22 | 6 12 27 29
23 | 6 12 27 33
75 | 6 12 28 58
75 | 6 12 28 64
73 | 6 12 30 60
73 | 6 12 30 66
71 | 6 12 32 58
71 | 6 12 32 64
69 | 6 12 34 60
69 | 6 12 34 66
30 | 6 13 16 24
29 | 6 13 16 27
20 | 6 13 16 32
19 | 6 13 16 35
75 | 6 13 16 59
72 | 6 13 16 60
67 | 6 13 16 69
64 | 6 13 16 70
34 | 6 13 17 24
33 | 6 13 17 27
20 | 6 13 17 28
19 | 6 13 17 31
71 | 6 13 17 59
68 | 6 13 17 60
67 | 6 13 17 73
64 | 6 13 17 74
30 | 6 13 18 22
34 | 6 13 18 23
16 | 6 13 18 31
17 | 6 13 18 35
67 | 6 13 19 69
67 | 6 13 19 73
64 | 6 13 20 70
64 | 6 13 20 74
29 | 6 13 21 22
33 | 6 13 21 23
16 | 6 13 21 28
17 | 6 13 21 32
26 | 6 13 22 32
25 | 6 13 22 35
75 | 6 13 22 65
72 | 6 13 22 66
61 | 6 13 22 69
58 | 6 13 22 70
26 | 6 13 23 28
25 | 6 13 23 31
71 | 6 13 23 65
68 | 6 13 23 66
61 | 6 13 23 73
58 | 6 13 23 74
22 | 6 13 24 31
23 | 6 13 24 35
61 | 6 13 25 69
61 | 6 13 25 73
58 | 6 13 26 70
58 | 6 13 26 74
22 | 6 13 27 28
23 | 6 13 27 32
75 | 6 13 29 59
75 | 6 13 29 65
72 | 6 13 30 60
72 | 6 13 30 66
71 | 6 13 33 59
71 | 6 13 33 65
68 | 6 13 34 60
68 | 6 13 34 66
75 | 6 14 16 58
75 | 6 14 16 59
67 | 6 14 16 68
67 | 6 14 16 69
71 | 6 14 17 58
71 | 6 14 17 59
67 | 6 14 17 72
67 | 6 14 17 73
79 | 6 14 18 56
79 | 6 14 18 57
67 | 6 14 18 68
67 | 6 14 18 72
77 | 6 14 19 56
77 | 6 14 19 57
67 | 6 14 19 69
67 | 6 14 19 73
75 | 6 14 22 64
75 | 6 14 22 65
61 | 6 14 22 68
61 | 6 14 22 69
71 | 6 14 23 64
71 | 6 14 23 65
61 | 6 14 23 72
61 | 6 14 23 73
79 | 6 14 24 62
79 | 6 14 24 63
61 | 6 14 24 68
61 | 6 14 24 72
77 | 6 14 25 62
77 | 6 14 25 63
61 | 6 14 25 69
61 | 6 14 25 73
79 | 6 14 28 56
75 | 6 14 28 58
79 | 6 14 28 62
75 | 6 14 28 64
77 | 6 14 29 56
75 | 6 14 29 59
77 | 6 14 29 62
75 | 6 14 29 65
79 | 6 14 32 57
71 | 6 14 32 58
79 | 6 14 32 63
71 | 6 14 32 64
77 | 6 14 33 57
71 | 6 14 33 59
77 | 6 14 33 63
71 | 6 14 33 65
51 | 6 16 21 58
51 | 6 16 21 59
75 | 6 16 22 44
75 | 6 16 22 45
51 | 6 16 22 76
51 | 6 16 22 78
4 | 6 16 24 35
2 | 6 16 24 39
79 | 6 16 24 42
75 | 6 16 24 44
53 | 6 16 24 70
51 | 6 16 24 76
5 | 6 16 25 35
2 | 6 16 25 37
77 | 6 16 25 42
75 | 6 16 25 45
52 | 6 16 25 70
51 | 6 16 25 78
51 | 6 16 26 76
51 | 6 16 26 78
4 | 6 16 27 32
5 | 6 16 27 33
49 | 6 16 31 68
49 | 6 16 31 69
0 | 6 16 32 39
79 | 6 16 32 40
67 | 6 16 32 44
53 | 6 16 32 60
49 | 6 16 32 76
0 | 6 16 33 37
77 | 6 16 33 40
67 | 6 16 33 45
52 | 6 16 33 60
49 | 6 16 33 78
49 | 6 16 34 76
49 | 6 16 34 78
73 | 6 16 37 40
65 | 6 16 37 42
51 | 6 16 37 58
49 | 6 16 37 68
72 | 6 16 39 40
64 | 6 16 39 42
51 | 6 16 39 59
49 | 6 16 39 69
50 | 6 17 21 58
50 | 6 17 21 59
71 | 6 17 23 44
71 | 6 17 23 45
50 | 6 17 23 76
50 | 6 17 23 78
4 | 6 17 24 31
3 | 6 17 24 39
79 | 6 17 24 43
71 | 6 17 24 44
53 | 6 17 24 74
50 | 6 17 24 76
5 | 6 17 25 31
3 | 6 17 25 37
77 | 6 17 25 43
71 | 6 17 25 45
52 | 6 17 25 74
50 | 6 17 25 78
50 | 6 17 26 76
50 | 6 17 26 78
4 | 6 17 27 28
5 | 6 17 27 29
0 | 6 17 28 39
79 | 6 17 28 40
67 | 6 17 28 44
53 | 6 17 28 60
49 | 6 17 28 76
0 | 6 17 29 37
77 | 6 17 29 40
67 | 6 17 29 45
52 | 6 17 29 60
49 | 6 17 29 78
49 | 6 17 30 76
49 | 6 17 30 78
49 | 6 17 35 72
49 | 6 17 35 73
69 | 6 17 37 40
65 | 6 17 37 43
50 | 6 17 37 58
49 | 6 17 37 72
68 | 6 17 39 40
64 | 6 17 39 43
50 | 6 17 39 59
49 | 6 17 39 73
53 | 6 18 21 56
53 | 6 18 21 57
4 | 6 18 22 35
2 | 6 18 22 39
79 | 6 18 22 42
75 | 6 18 22 44
53 | 6 18 22 70
51 | 6 18 22 76
4 | 6 18 23 31
3 | 6 18 23 39
79 | 6 18 23 43
71 | 6 18 23 44
53 | 6 18 23 74
50 | 6 18 23 76
79 | 6 18 24 42
79 | 6 18 24 43
53 | 6 18 24 70
53 | 6 18 24 74
53 | 6 18 26 70
53 | 6 18 26 74
2 | 6 18 27 29
3 | 6 18 27 33
0 | 6 18 29 35
75 | 6 18 29 40
67 | 6 18 29 42
51 | 6 18 29 60
49 | 6 18 29 70
0 | 6 18 31 33
73 | 6 18 31 40
63 | 6 18 31 44
53 | 6 18 31 56
49 | 6 18 31 68
71 | 6 18 33 40
67 | 6 18 33 43
50 | 6 18 33 60
49 | 6 18 33 74
69 | 6 18 35 40
62 | 6 18 35 44
53 | 6 18 35 57
49 | 6 18 35 72
49 | 6 18 37 68
49 | 6 18 37 72
49 | 6 18 38 70
49 | 6 18 38 74
52 | 6 19 21 56
52 | 6 19 21 57
5 | 6 19 22 35
2 | 6 19 22 37
77 | 6 19 22 42
75 | 6 19 22 45
52 | 6 19 22 70
51 | 6 19 22 78
5 | 6 19 23 31
3 | 6 19 23 37
77 | 6 19 23 43
71 | 6 19 23 45
52 | 6 19 23 74
50 | 6 19 23 78
77 | 6 19 25 42
77 | 6 19 25 43
52 | 6 19 25 70
52 | 6 19 25 74
52 | 6 19 26 70
52 | 6 19 26 74
2 | 6 19 27 28
3 | 6 19 27 32
0 | 6 19 28 35
75 | 6 19 28 40
67 | 6 19 28 42
51 | 6 19 28 60
49 | 6 19 28 70
0 | 6 19 31 32
72 | 6 19 31 40
63 | 6 19 31 45
52 | 6 19 31 56
49 | 6 19 31 69
71 | 6 19 32 40
67 | 6 19 32 43
50 | 6 19 32 60
49 | 6 19 32 74
68 | 6 19 35 40
62 | 6 19 35 45
52 | 6 19 35 57
49 | 6 19 35 73
49 | 6 19 36 70
49 | 6 19 36 74
49 | 6 19 39 69
49 | 6 19 39 73
51 | 6 20 22 76
51 | 6 20 22 78
50 | 6 20 23 76
50 | 6 20 23 78
53 | 6 20 24 70
53 | 6 20 24 74
52 | 6 20 25 70
52 | 6 20 25 74
49 | 6 20 31 68
49 | 6 20 31 69
49 | 6 20 35 72
49 | 6 20 35 73
49 | 6 20 37 68
49 | 6 20 37 72
49 | 6 20 39 69
49 | 6 20 39 73
4 | 6 21 22 32
5 | 6 21 22 33
4 | 6 21 23 28
5 | 6 21 23 29
2 | 6 21 24 29
3 | 6 21 24 33
2 | 6 21 25 28
3 | 6 21 25 32
65 | 6 21 28 42
63 | 6 21 28 44
53 | 6 21 28 56
51 | 6 21 28 58
64 | 6 21 29 42
63 | 6 21 29 45
52 | 6 21 29 56
51 | 6 21 29 59
51 | 6 21 30 58
51 | 6 21 30 59
63 | 6 21 31 44
63 | 6 21 31 45
65 | 6 21 32 43
62 | 6 21 32 44
53 | 6 21 32 57
50 | 6 21 32 58
64 | 6 21 33 43
62 | 6 21 33 45
52 | 6 21 33 57
50 | 6 21 33 59
50 | 6 21 34 58
50 | 6 21 34 59
62 | 6 21 35 44
62 | 6 21 35 45
53 | 6 21 36 56
53 | 6 21 36 57
65 | 6 21 37 42
65 | 6 21 37 43
52 | 6 21 38 56
52 | 6 21 38 57
64 | 6 21 39 42
64 | 6 21 39 43
51 | 6 22 27 64
51 | 6 22 27 65
48 | 6 22 31 68
48 | 6 22 31 69
1 | 6 22 32 39
79 | 6 22 32 41
61 | 6 22 32 44
53 | 6 22 32 66
48 | 6 22 32 76
1 | 6 22 33 37
77 | 6 22 33 41
61 | 6 22 33 45
52 | 6 22 33 66
48 | 6 22 33 78
48 | 6 22 34 76
48 | 6 22 34 78
73 | 6 22 37 41
59 | 6 22 37 42
51 | 6 22 37 64
48 | 6 22 37 68
72 | 6 22 39 41
58 | 6 22 39 42
51 | 6 22 39 65
48 | 6 22 39 69
50 | 6 23 27 64
50 | 6 23 27 65
1 | 6 23 28 39
79 | 6 23 28 41
61 | 6 23 28 44
53 | 6 23 28 66
48 | 6 23 28 76
1 | 6 23 29 37
77 | 6 23 29 41
61 | 6 23 29 45
52 | 6 23 29 66
48 | 6 23 29 78
48 | 6 23 30 76
48 | 6 23 30 78
48 | 6 23 35 72
48 | 6 23 35 73
69 | 6 23 37 41
59 | 6 23 37 43
50 | 6 23 37 64
48 | 6 23 37 72
68 | 6 23 39 41
58 | 6 23 39 43
50 | 6 23 39 65
48 | 6 23 39 73
53 | 6 24 27 62
53 | 6 24 27 63
1 | 6 24 29 35
75 | 6 24 29 41
61 | 6 24 29 42
51 | 6 24 29 66
48 | 6 24 29 70
1 | 6 24 31 33
73 | 6 24 31 41
57 | 6 24 31 44
53 | 6 24 31 62
48 | 6 24 31 68
71 | 6 24 33 41
61 | 6 24 33 43
50 | 6 24 33 66
48 | 6 24 33 74
69 | 6 24 35 41
56 | 6 24 35 44
53 | 6 24 35 63
48 | 6 24 35 72
48 | 6 24 37 68
48 | 6 24 37 72
48 | 6 24 38 70
48 | 6 24 38 74
52 | 6 25 27 62
52 | 6 25 27 63
1 | 6 25 28 35
75 | 6 25 28 41
61 | 6 25 28 42
51 | 6 25 28 66
48 | 6 25 28 70
1 | 6 25 31 32
72 | 6 25 31 41
57 | 6 25 31 45
52 | 6 25 31 62
48 | 6 25 31 69
71 | 6 25 32 41
61 | 6 25 32 43
50 | 6 25 32 66
48 | 6 25 32 74
68 | 6 25 35 41
56 | 6 25 35 45
52 | 6 25 35 63
48 | 6 25 35 73
48 | 6 25 36 70
48 | 6 25 36 74
48 | 6 25 39 69
48 | 6 25 39 73
48 | 6 26 31 68
48 | 6 26 31 69
48 | 6 26 35 72
48 | 6 26 35 73
48 | 6 26 37 68
48 | 6 26 37 72
48 | 6 26 39 69
48 | 6 26 39 73
59 | 6 27 28 42
57 | 6 27 28 44
53 | 6 27 28 62
51 | 6 27 28 64
58 | 6 27 29 42
57 | 6 27 29 45
52 | 6 27 29 62
51 | 6 27 29 65
51 | 6 27 30 64
51 | 6 27 30 65
57 | 6 27 31 44
57 | 6 27 31 45
59 | 6 27 32 43
56 | 6 27 32 44
53 | 6 27 32 63
50 | 6 27 32 64
58 | 6 27 33 43
56 | 6 27 33 45
52 | 6 27 33 63
50 | 6 27 33 65
50 | 6 27 34 64
50 | 6 27 34 65
56 | 6 27 35 44
56 | 6 27 35 45
53 | 6 27 36 62
53 | 6 27 36 63
59 | 6 27 37 42
59 | 6 27 37 43
52 | 6 27 38 62
52 | 6 27 38 63
58 | 6 27 39 42
58 | 6 27 39 43
53 | 6 28 31 56
53 | 6 28 31 62
79 | 6 28 32 40
79 | 6 28 32 41
53 | 6 28 32 60
53 | 6 28 32 66
53 | 6 28 34 60
53 | 6 28 34 66
51 | 6 28 37 58
51 | 6 28 37 64
51 | 6 28 38 60
51 | 6 28 38 66
52 | 6 29 31 56
52 | 6 29 31 62
77 | 6 29 33 40
77 | 6 29 33 41
52 | 6 29 33 60
52 | 6 29 33 66
52 | 6 29 34 60
52 | 6 29 34 66
51 | 6 29 36 60
51 | 6 29 36 66
51 | 6 29 39 59
51 | 6 29 39 65
53 | 6 30 32 60
53 | 6 30 32 66
52 | 6 30 33 60
52 | 6 30 33 66
51 | 6 30 37 58
51 | 6 30 37 64
51 | 6 30 39 59
51 | 6 30 39 65
53 | 6 31 36 56
53 | 6 31 36 62
73 | 6 31 37 40
73 | 6 31 37 41
52 | 6 31 38 56
52 | 6 31 38 62
72 | 6 31 39 40
72 | 6 31 39 41
53 | 6 32 35 57
53 | 6 32 35 63
50 | 6 32 37 58
50 | 6 32 37 64
50 | 6 32 38 60
50 | 6 32 38 66
52 | 6 33 35 57
52 | 6 33 35 63
50 | 6 33 36 60
50 | 6 33 36 66
50 | 6 33 39 59
50 | 6 33 39 65
50 | 6 34 37 58
50 | 6 34 37 64
50 | 6 34 39 59
50 | 6 34 39 65
53 | 6 35 36 57
53 | 6 35 36 63
69 | 6 35 37 40
69 | 6 35 37 41
52 | 6 35 38 57
52 | 6 35 38 63
68 | 6 35 39 40
68 | 6 35 39 41
63 | 7 8 10 77
63 | 7 8 10 79
62 | 7 8 11 77
62 | 7 8 11 79
65 | 7 8 12 71
65 | 7 8 12 75
64 | 7 8 13 71
64 | 7 8 13 75
74 | 7 8 16 58
74 | 7 8 16 59
70 | 7 8 17 58
70 | 7 8 17 59
78 | 7 8 18 56
78 | 7 8 18 57
76 | 7 8 19 56
76 | 7 8 19 57
37 | 7 8 22 32
39 | 7 8 22 33
28 | 7 8 22 36
29 | 7 8 22 38
37 | 7 8 23 28
39 | 7 8 23 29
32 | 7 8 23 36
33 | 7 8 23 38
31 | 7 8 24 29
28 | 7 8 24 30
35 | 7 8 24 33
32 | 7 8 24 34
31 | 7 8 25 28
29 | 7 8 25 30
35 | 7 8 25 32
33 | 7 8 25 34
18 | 7 8 28 34
16 | 7 8 28 38
78 | 7 8 28 56
74 | 7 8 28 58
65 | 7 8 28 71
63 | 7 8 28 77
19 | 7 8 29 34
16 | 7 8 29 36
76 | 7 8 29 56
74 | 7 8 29 59
64 | 7 8 29 71
63 | 7 8 29 79
18 | 7 8 30 32
19 | 7 8 30 33
63 | 7 8 31 77
63 | 7 8 31 79
17 | 7 8 32 38
78 | 7 8 32 57
70 | 7 8 32 58
65 | 7 8 32 75
62 | 7 8 32 77
17 | 7 8 33 36
76 | 7 8 33 57
70 | 7 8 33 59
64 | 7 8 33 75
62 | 7 8 33 79
62 | 7 8 35 77
62 | 7 8 35 79
65 | 7 8 37 71
65 | 7 8 37 75
64 | 7 8 39 71
64 | 7 8 39 75
57 | 7 9 10 77
57 | 7 9 10 79
56 | 7 9 11 77
56 | 7 9 11 79
59 | 7 9 12 71
59 | 7 9 12 75
58 | 7 9 13 71
58 | 7 9 13 75
37 | 7 9 16 32
39 | 7 9 16 33
28 | 7 9 16 36
29 | 7 9 16 38
37 | 7 9 17 28
39 | 7 9 17 29
32 | 7 9 17 36
33 | 7 9 17 38
31 | 7 9 18 29
28 | 7 9 18 30
35 | 7 9 18 33
32 | 7 9 18 34
31 | 7 9 19 28
29 | 7 9 19 30
35 | 7 9 19 32
33 | 7 9 19 34
74 | 7 9 22 64
74 | 7 9 22 65
70 | 7 9 23 64
70 | 7 9 23 65
78 | 7 9 24 62
78 | 7 9 24 63
76 | 7 9 25 62
76 | 7 9 25 63
24 | 7 9 28 34
22 | 7 9 28 38
78 | 7 9 28 62
74 | 7 9 28 64
59 | 7 9 28 71
57 | 7 9 28 77
25 | 7 9 29 34
22 | 7 9 29 36
76 | 7 9 29 62
74 | 7 9 29 65
58 | 7 9 29 71
57 | 7 9 29 79
24 | 7 9 30 32
25 | 7 9 30 33
57 | 7 9 31 77
57 | 7 9 31 79
23 | 7 9 32 38
78 | 7 9 32 63
70 | 7 9 32 64
59 | 7 9 32 75
56 | 7 9 32 77
23 | 7 9 33 36
76 | 7 9 33 63
70 | 7 9 33 65
58 | 7 9 33 75
56 | 7 9 33 79
56 | 7 9 35 77
56 | 7 9 35 79
59 | 7 9 37 71
59 | 7 9 37 75
58 | 7 9 39 71
58 | 7 9 39 75
73 | 7 10 12 61
73 | 7 10 12 67
72 | 7 10 13 61
72 | 7 10 13 67
66 | 7 10 16 68
66 | 7 10 16 69
37 | 7 10 17 24
39 | 7 10 17 25
18 | 7 10 17 36
19 | 7 10 17 38
37 | 7 10 18 23
28 | 7 10 18 26
21 | 7 10 18 33
16 | 7 10 18 38
78 | 7 10 18 56
73 | 7 10 18 61
66 | 7 10 18 68
63 | 7 10 18 77
39 | 7 10 19 23
29 | 7 10 19 26
21 | 7 10 19 32
16 | 7 10 19 36
76 | 7 10 19 56
72 | 7 10 19 61
66 | 7 10 19 69
63 | 7 10 19 79
28 | 7 10 20 24
29 | 7 10 20 25
18 | 7 10 20 32
19 | 7 10 20 33
63 | 7 10 21 77
63 | 7 10 21 79
60 | 7 10 22 68
60 | 7 10 22 69
24 | 7 10 23 36
25 | 7 10 23 38
27 | 7 10 24 33
22 | 7 10 24 38
78 | 7 10 24 62
73 | 7 10 24 67
60 | 7 10 24 68
57 | 7 10 24 77
27 | 7 10 25 32
22 | 7 10 25 36
76 | 7 10 25 62
72 | 7 10 25 67
60 | 7 10 25 69
57 | 7 10 25 79
24 | 7 10 26 32
25 | 7 10 26 33
57 | 7 10 27 77
57 | 7 10 27 79
78 | 7 10 28 56
78 | 7 10 28 62
76 | 7 10 29 56
76 | 7 10 29 62
73 | 7 10 37 61
73 | 7 10 37 67
72 | 7 10 39 61
72 | 7 10 39 67
69 | 7 11 12 61
69 | 7 11 12 67
68 | 7 11 13 61
68 | 7 11 13 67
37 | 7 11 16 24
39 | 7 11 16 25
18 | 7 11 16 36
19 | 7 11 16 38
66 | 7 11 17 72
66 | 7 11 17 73
37 | 7 11 18 22
32 | 7 11 18 26
21 | 7 11 18 29
17 | 7 11 18 38
78 | 7 11 18 57
69 | 7 11 18 61
66 | 7 11 18 72
62 | 7 11 18 77
39 | 7 11 19 22
33 | 7 11 19 26
21 | 7 11 19 28
17 | 7 11 19 36
76 | 7 11 19 57
68 | 7 11 19 61
66 | 7 11 19 73
62 | 7 11 19 79
32 | 7 11 20 24
33 | 7 11 20 25
18 | 7 11 20 28
19 | 7 11 20 29
62 | 7 11 21 77
62 | 7 11 21 79
24 | 7 11 22 36
25 | 7 11 22 38
60 | 7 11 23 72
60 | 7 11 23 73
27 | 7 11 24 29
23 | 7 11 24 38
78 | 7 11 24 63
69 | 7 11 24 67
60 | 7 11 24 72
56 | 7 11 24 77
27 | 7 11 25 28
23 | 7 11 25 36
76 | 7 11 25 63
68 | 7 11 25 67
60 | 7 11 25 73
56 | 7 11 25 79
24 | 7 11 26 28
25 | 7 11 26 29
56 | 7 11 27 77
56 | 7 11 27 79
78 | 7 11 32 57
78 | 7 11 32 63
76 | 7 11 33 57
76 | 7 11 33 63
69 | 7 11 37 61
69 | 7 11 37 67
68 | 7 11 39 61
68 | 7 11 39 67
31 | 7 12 16 25
28 | 7 12 16 26
21 | 7 12 16 33
18 | 7 12 16 34
74 | 7 12 16 58
73 | 7 12 16 61
66 | 7 12 16 68
65 | 7 12 16 71
35 | 7 12 17 25
32 | 7 12 17 26
21 | 7 12 17 29
18 | 7 12 17 30
70 | 7 12 17 58
69 | 7 12 17 61
66 | 7 12 17 72
65 | 7 12 17 75
66 | 7 12 18 68
66 | 7 12 18 72
31 | 7 12 19 22
35 | 7 12 19 23
16 | 7 12 19 30
17 | 7 12 19 34
28 | 7 12 20 22
32 | 7 12 20 23
16 | 7 12 20 29
17 | 7 12 20 33
65 | 7 12 21 71
65 | 7 12 21 75
27 | 7 12 22 33
24 | 7 12 22 34
74 | 7 12 22 64
73 | 7 12 22 67
60 | 7 12 22 68
59 | 7 12 22 71
27 | 7 12 23 29
24 | 7 12 23 30
70 | 7 12 23 64
69 | 7 12 23 67
60 | 7 12 23 72
59 | 7 12 23 75
60 | 7 12 24 68
60 | 7 12 24 72
22 | 7 12 25 30
23 | 7 12 25 34
22 | 7 12 26 29
23 | 7 12 26 33
59 | 7 12 27 71
59 | 7 12 27 75
74 | 7 12 28 58
74 | 7 12 28 64
73 | 7 12 31 61
73 | 7 12 31 67
70 | 7 12 32 58
70 | 7 12 32 64
69 | 7 12 35 61
69 | 7 12 35 67
31 | 7 13 16 24
29 | 7 13 16 26
21 | 7 13 16 32
19 | 7 13 16 34
74 | 7 13 16 59
72 | 7 13 16 61
66 | 7 13 16 69
64 | 7 13 16 71
35 | 7 13 17 24
33 | 7 13 17 26
21 | 7 13 17 28
19 | 7 13 17 30
70 | 7 13 17 59
68 | 7 13 17 61
66 | 7 13 17 73
64 | 7 13 17 75
31 | 7 13 18 22
35 | 7 13 18 23
16 | 7 13 18 30
17 | 7 13 18 34
66 | 7 13 19 69
66 | 7 13 19 73
29 | 7 13 20 22
33 | 7 13 20 23
16 | 7 13 20 28
17 | 7 13 20 32
64 | 7 13 21 71
64 | 7 13 21 75
27 | 7 13 22 32
25 | 7 13 22 34
74 | 7 13 22 65
72 | 7 13 22 67
60 | 7 13 22 69
58 | 7 13 22 71
27 | 7 13 23 28
25 | 7 13 23 30
70 | 7 13 23 65
68 | 7 13 23 67
60 | 7 13 23 73
58 | 7 13 23 75
22 | 7 13 24 30
23 | 7 13 24 34
60 | 7 13 25 69
60 | 7 13 25 73
22 | 7 13 26 28
23 | 7 13 26 32
58 | 7 13 27 71
58 | 7 13 27 75
74 | 7 13 29 59
74 | 7 13 29 65
72 | 7 13 31 61
72 | 7 13 31 67
70 | 7 13 33 59
70 | 7 13 33 65
68 | 7 13 35 61
68 | 7 13 35 67
74 | 7 15 16 58
74 | 7 15 16 59
66 | 7 15 16 68
66 | 7 15 16 69
70 | 7 15 17 58
70 | 7 15 17 59
66 | 7 15 17 72
66 | 7 15 17 73
78 | 7 15 18 56
78 | 7 15 18 57
66 | 7 15 18 68
66 | 7 15 18 72
76 | 7 15 19 56
76 | 7 15 19 57
66 | 7 15 19 69
66 | 7 15 19 73
74 | 7 15 22 64
74 | 7 15 22 65
60 | 7 15 22 68
60 | 7 15 22 69
70 | 7 15 23 64
70 | 7 15 23 65
60 | 7 15 23 72
60 | 7 15 23 73
78 | 7 15 24 62
78 | 7 15 24 63
60 | 7 15 24 68
60 | 7 15 24 72
76 | 7 15 25 62
76 | 7 15 25 63
60 | 7 15 25 69
60 | 7 15 25 73
78 | 7 15 28 56
74 | 7 15 28 58
78 | 7 15 28 62
74 | 7 15 28 64
76 | 7 15 29 56
74 | 7 15 29 59
76 | 7 15 29 62
74 | 7 15 29 65
78 | 7 15 32 57
70 | 7 15 32 58
78 | 7 15 32 63
70 | 7 15 32 64
76 | 7 15 33 57
70 | 7 15 33 59
76 | 7 15 33 63
70 | 7 15 33 65
51 | 7 16 20 58
51 | 7 16 20 59
74 | 7 16 22 44
74 | 7 16 22 45
51 | 7 16 22 77
51 | 7 16 22 79
4 | 7 16 24 34
2 | 7 16 24 38
78 | 7 16 24 42
74 | 7 16 24 44
53 | 7 16 24 71
51 | 7 16 24 77
5 | 7 16 25 34
2 | 7 16 25 36
76 | 7 16 25 42
74 | 7 16 25 45
52 | 7 16 25 71
51 | 7 16 25 79
4 | 7 16 26 32
5 | 7 16 26 33
51 | 7 16 27 77
51 | 7 16 27 79
49 | 7 16 30 68
49 | 7 16 30 69
0 | 7 16 32 38
78 | 7 16 32 40
66 | 7 16 32 44
53 | 7 16 32 61
49 | 7 16 32 77
0 | 7 16 33 36
76 | 7 16 33 40
66 | 7 16 33 45
52 | 7 16 33 61
49 | 7 16 33 79
49 | 7 16 35 77
49 | 7 16 35 79
73 | 7 16 36 40
65 | 7 16 36 42
51 | 7 16 36 58
49 | 7 16 36 68
72 | 7 16 38 40
64 | 7 16 38 42
51 | 7 16 38 59
49 | 7 16 38 69
50 | 7 17 20 58
50 | 7 17 20 59
70 | 7 17 23 44
70 | 7 17 23 45
50 | 7 17 23 77
50 | 7 17 23 79
4 | 7 17 24 30
3 | 7 17 24 38
78 | 7 17 24 43
70 | 7 17 24 44
53 | 7 17 24 75
50 | 7 17 24 77
5 | 7 17 25 30
3 | 7 17 25 36
76 | 7 17 25 43
70 | 7 17 25 45
52 | 7 17 25 75
50 | 7 17 25 79
4 | 7 17 26 28
5 | 7 17 26 29
50 | 7 17 27 77
50 | 7 17 27 79
0 | 7 17 28 38
78 | 7 17 28 40
66 | 7 17 28 44
53 | 7 17 28 61
49 | 7 17 28 77
0 | 7 17 29 36
76 | 7 17 29 40
66 | 7 17 29 45
52 | 7 17 29 61
49 | 7 17 29 79
49 | 7 17 31 77
49 | 7 17 31 79
49 | 7 17 34 72
49 | 7 17 34 73
69 | 7 17 36 40
65 | 7 17 36 43
50 | 7 17 36 58
49 | 7 17 36 72
68 | 7 17 38 40
64 | 7 17 38 43
50 | 7 17 38 59
49 | 7 17 38 73
53 | 7 18 20 56
53 | 7 18 20 57
4 | 7 18 22 34
2 | 7 18 22 38
78 | 7 18 22 42
74 | 7 18 22 44
53 | 7 18 22 71
51 | 7 18 22 77
4 | 7 18 23 30
3 | 7 18 23 38
78 | 7 18 23 43
70 | 7 18 23 44
53 | 7 18 23 75
50 | 7 18 23 77
78 | 7 18 24 42
78 | 7 18 24 43
53 | 7 18 24 71
53 | 7 18 24 75
2 | 7 18 26 29
3 | 7 18 26 33
53 | 7 18 27 71
53 | 7 18 27 75
0 | 7 18 29 34
74 | 7 18 29 40
66 | 7 18 29 42
51 | 7 18 29 61
49 | 7 18 29 71
0 | 7 18 30 33
73 | 7 18 30 40
63 | 7 18 30 44
53 | 7 18 30 56
49 | 7 18 30 68
70 | 7 18 33 40
66 | 7 18 33 43
50 | 7 18 33 61
49 | 7 18 33 75
69 | 7 18 34 40
62 | 7 18 34 44
53 | 7 18 34 57
49 | 7 18 34 72
49 | 7 18 36 68
49 | 7 18 36 72
49 | 7 18 39 71
49 | 7 18 39 75
52 | 7 19 20 56
52 | 7 19 20 57
5 | 7 19 22 34
2 | 7 19 22 36
76 | 7 19 22 42
74 | 7 19 22 45
52 | 7 19 22 71
51 | 7 19 22 79
5 | 7 19 23 30
3 | 7 19 23 36
76 | 7 19 23 43
70 | 7 19 23 45
52 | 7 19 23 75
50 | 7 19 23 79
76 | 7 19 25 42
76 | 7 19 25 43
52 | 7 19 25 71
52 | 7 19 25 75
2 | 7 19 26 28
3 | 7 19 26 32
52 | 7 19 27 71
52 | 7 19 27 75
0 | 7 19 28 34
74 | 7 19 28 40
66 | 7 19 28 42
51 | 7 19 28 61
49 | 7 19 28 71
0 | 7 19 30 32
72 | 7 19 30 40
63 | 7 19 30 45
52 | 7 19 30 56
49 | 7 19 30 69
70 | 7 19 32 40
66 | 7 19 32 43
50 | 7 19 32 61
49 | 7 19 32 75
68 | 7 19 34 40
62 | 7 19 34 45
52 | 7 19 34 57
49 | 7 19 34 73
49 | 7 19 37 71
49 | 7 19 37 75
49 | 7 19 38 69
49 | 7 19 38 73
4 | 7 20 22 32
5 | 7 20 22 33
4 | 7 20 23 28
5 | 7 20 23 29
2 | 7 20 24 29
3 | 7 20 24 33
2 | 7 20 25 28
3 | 7 20 25 32
65 | 7 20 28 42
63 | 7 20 28 44
53 | 7 20 28 56
51 | 7 20 28 58
64 | 7 20 29 42
63 | 7 20 29 45
52 | 7 20 29 56
51 | 7 20 29 59
63 | 7 20 30 44
63 | 7 20 30 45
51 | 7 20 31 58
51 | 7 20 31 59
65 | 7 20 32 43
62 | 7 20 32 44
53 | 7 20 32 57
50 | 7 20 32 58
64 | 7 20 33 43
62 | 7 20 33 45
52 | 7 20 33 57
50 | 7 20 33 59
62 | 7 20 34 44
62 | 7 20 34 45
50 | 7 20 35 58
50 | 7 20 35 59
65 | 7 20 36 42
65 | 7 20 36 43
53 | 7 20 37 56
53 | 7 20 37 57
64 | 7 20 38 42
64 | 7 20 38 43
52 | 7 20 39 56
52 | 7 20 39 57
51 | 7 21 22 77
51 | 7 21 22 79
50 | 7 21 23 77
50 | 7 21 23 79
53 | 7 21 24 71
53 | 7 21 24 75
52 | 7 21 25 71
52 | 7 21 25 75
49 | 7 21 30 68
49 | 7 21 30 69
49 | 7 21 34 72
49 | 7 21 34 73
49 | 7 21 36 68
49 | 7 21 36 72
49 | 7 21 38 69
49 | 7 21 38 73
51 | 7 22 26 64
51 | 7 22 26 65
48 | 7 22 30 68
48 | 7 22 30 69
1 | 7 22 32 38
78 | 7 22 32 41
60 | 7 22 32 44
53 | 7 22 32 67
48 | 7 22 32 77
1 | 7 22 33 36
76 | 7 22 33 41
60 | 7 22 33 45
52 | 7 22 33 67
48 | 7 22 33 79
48 | 7 22 35 77
48 | 7 22 35 79
73 | 7 22 36 41
59 | 7 22 36 42
51 | 7 22 36 64
48 | 7 22 36 68
72 | 7 22 38 41
58 | 7 22 38 42
51 | 7 22 38 65
48 | 7 22 38 69
50 | 7 23 26 64
50 | 7 23 26 65
1 | 7 23 28 38
78 | 7 23 28 41
60 | 7 23 28 44
53 | 7 23 28 67
48 | 7 23 28 77
1 | 7 23 29 36
76 | 7 23 29 41
60 | 7 23 29 45
52 | 7 23 29 67
48 | 7 23 29 79
48 | 7 23 31 77
48 | 7 23 31 79
48 | 7 23 34 72
48 | 7 23 34 73
69 | 7 23 36 41
59 | 7 23 36 43
50 | 7 23 36 64
48 | 7 23 36 72
68 | 7 23 38 41
58 | 7 23 38 43
50 | 7 23 38 65
48 | 7 23 38 73
53 | 7 24 26 62
53 | 7 24 26 63
1 | 7 24 29 34
74 | 7 24 29 41
60 | 7 24 29 42
51 | 7 24 29 67
48 | 7 24 29 71
1 | 7 24 30 33
73 | 7 24 30 41
57 | 7 24 30 44
53 | 7 24 30 62
48 | 7 24 30 68
70 | 7 24 33 41
60 | 7 24 33 43
50 | 7 24 33 67
48 | 7 24 33 75
69 | 7 24 34 41
56 | 7 24 34 44
53 | 7 24 34 63
48 | 7 24 34 72
48 | 7 24 36 68
48 | 7 24 36 72
48 | 7 24 39 71
48 | 7 24 39 75
52 | 7 25 26 62
52 | 7 25 26 63
1 | 7 25 28 34
74 | 7 25 28 41
60 | 7 25 28 42
51 | 7 25 28 67
48 | 7 25 28 71
1 | 7 25 30 32
72 | 7 25 30 41
57 | 7 25 30 45
52 | 7 25 30 62
48 | 7 25 30 69
70 | 7 25 32 41
60 | 7 25 32 43
50 | 7 25 32 67
48 | 7 25 32 75
68 | 7 25 34 41
56 | 7 25 34 45
52 | 7 25 34 63
48 | 7 25 34 73
48 | 7 25 37 71
48 | 7 25 37 75
48 | 7 25 38 69
48 | 7 25 38 73
59 | 7 26 28 42
57 | 7 26 28 44
53 | 7 26 28 62
51 | 7 26 28 64
58 | 7 26 29 42
57 | 7 26 29 45
52 | 7 26 29 62
51 | 7 26 29 65
57 | 7 26 30 44
57 | 7 26 30 45
51 | 7 26 31 64
51 | 7 26 31 65
59 | 7 26 32 43
56 | 7 26 32 44
53 | 7 26 32 63
50 | 7 26 32 64
58 | 7 26 33 43
56 | 7 26 33 45
52 | 7 26 33 63
50 | 7 26 33 65
56 | 7 26 34 44
56 | 7 26 34 45
50 | 7 26 35 64
50 | 7 26 35 65
59 | 7 26 36 42
59 | 7 26 36 43
53 | 7 26 37 62
53 | 7 26 37 63
58 | 7 26 38 42
58 | 7 26 38 43
52 | 7 26 39 62
52 | 7 26 39 63
48 | 7 27 30 68
48 | 7 27 30 69
48 | 7 27 34 72
48 | 7 27 34 73
48 | 7 27 36 68
48 | 7 27 36 72
48 | 7 27 38 69
48 | 7 27 38 73
53 | 7 28 30 56
53 | 7 28 30 62
78 | 7 28 32 40
78 | 7 28 32 41
53 | 7 28 32 61
53 | 7 28 32 67
53 | 7 28 35 61
53 | 7 28 35 67
51 | 7 28 36 58
51 | 7 28 36 64
51 | 7 28 39 61
51 | 7 28 39 67
52 | 7 29 30 56
52 | 7 29 30 62
76 | 7 29 33 40
76 | 7 29 33 41
52 | 7 29 33 61
52 | 7 29 33 67
52 | 7 29 35 61
52 | 7 29 35 67
51 | 7 29 37 61
51 | 7 29 37 67
51 | 7 29 38 59
51 | 7 29 38 65
73 | 7 30 36 40
73 | 7 30 36 41
53 | 7 30 37 56
53 | 7 30 37 62
72 | 7 30 38 40
72 | 7 30 38 41
52 | 7 30 39 56
52 | 7 30 39 62
53 | 7 31 32 61
53 | 7 31 32 67
52 | 7 31 33 61
52 | 7 31 33 67
51 | 7 31 36 58
51 | 7 31 36 64
51 | 7 31 38 59
51 | 7 31 38 65
53 | 7 32 34 57
53 | 7 32 34 63
50 | 7 32 36 58
50 | 7 32 36 64
50 | 7 32 39 61
50 | 7 32 39 67
52 | 7 33 34 57
52 | 7 33 34 63
50 | 7 33 37 61
50 | 7 33 37 67
50 | 7 33 38 59
50 | 7 33 38 65
69 | 7 34 36 40
69 | 7 34 36 41
53 | 7 34 37 57
53 | 7 34 37 63
68 | 7 34 38 40
68 | 7 34 38 41
52 | 7 34 39 57
52 | 7 34 39 63
50 | 7 35 36 58
50 | 7 35 36 64
50 | 7 35 38 59
50 | 7 35 38 65
73 | 8 10 24 54
73 | 8 10 24 55
72 | 8 10 25 54
72 | 8 10 25 55
75 | 8 10 26 52
75 | 8 10 26 53
74 | 8 10 27 52
74 | 8 10 27 53
65 | 8 10 32 54
65 | 8 10 32 55
64 | 8 10 33 54
64 | 8 10 33 55
67 | 8 10 34 52
67 | 8 10 34 53
66 | 8 10 35 52
66 | 8 10 35 53
69 | 8 11 24 54
69 | 8 11 24 55
68 | 8 11 25 54
68 | 8 11 25 55
71 | 8 11 26 52
71 | 8 11 26 53
70 | 8 11 27 52
70 | 8 11 27 53
65 | 8 11 28 54
65 | 8 11 28 55
64 | 8 11 29 54
64 | 8 11 29 55
67 | 8 11 30 52
67 | 8 11 30 53
66 | 8 11 31 52
66 | 8 11 31 53
73 | 8 12 22 54
73 | 8 12 22 55
69 | 8 12 23 54
69 | 8 12 23 55
79 | 8 12 26 50
79 | 8 12 26 51
78 | 8 12 27 50
78 | 8 12 27 51
63 | 8 12 29 54
63 | 8 12 29 55
62 | 8 12 33 54
62 | 8 12 33 55
67 | 8 12 38 50
67 | 8 12 38 51
66 | 8 12 39 50
66 | 8 12 39 51
72 | 8 13 22 54
72 | 8 13 22 55
68 | 8 13 23 54
68 | 8 13 23 55
77 | 8 13 26 50
77 | 8 13 26 51
76 | 8 13 27 50
76 | 8 13 27 51
63 | 8 13 28 54
63 | 8 13 28 55
62 | 8 13 32 54
62 | 8 13 32 55
67 | 8 13 36 50
67 | 8 13 36 51
66 | 8 13 37 50
66 | 8 13 37 51
75 | 8 14 22 52
75 | 8 14 22 53
71 | 8 14 23 52
71 | 8 14 23 53
79 | 8 14 24 50
79 | 8 14 24 51
77 | 8 14 25 50
77 | 8 14 25 51
63 | 8 14 31 52
63 | 8 14 31 53
62 | 8 14 35 52
62 | 8 14 35 53
65 | 8 14 37 50
65 | 8 14 37 51
64 | 8 14 39 50
64 | 8 14 39 51
74 | 8 15 22 52
74 | 8 15 22 53
70 | 8 15 23 52
70 | 8 15 23 53
78 | 8 15 24 50
78 | 8 15 24 51
76 | 8 15 25 50
76 | 8 15 25 51
63 | 8 15 30 52
63 | 8 15 30 53
62 | 8 15 34 52
62 | 8 15 34 53
65 | 8 15 36 50
65 | 8 15 36 51
64 | 8 15 38 50
64 | 8 15 38 51
43 | 8 16 24 76
43 | 8 16 24 77
43 | 8 16 25 78
43 | 8 16 25 79
43 | 8 16 26 76
43 | 8 16 26 78
43 | 8 16 27 77
43 | 8 16 27 79
45 | 8 16 32 60
45 | 8 16 32 61
44 | 8 16 33 60
44 | 8 16 33 61
47 | 8 16 34 58
47 | 8 16 34 59
46 | 8 16 35 58
46 | 8 16 35 59
42 | 8 17 24 76
42 | 8 17 24 77
42 | 8 17 25 78
42 | 8 17 25 79
42 | 8 17 26 76
42 | 8 17 26 78
42 | 8 17 27 77
42 | 8 17 27 79
45 | 8 17 28 60
45 | 8 17 28 61
44 | 8 17 29 60
44 | 8 17 29 61
47 | 8 17 30 58
47 | 8 17 30 59
46 | 8 17 31 58
46 | 8 17 31 59
45 | 8 18 22 70
45 | 8 18 22 71
45 | 8 18 23 74
45 | 8 18 23 75
45 | 8 18 26 70
45 | 8 18 26 74
45 | 8 18 27 71
45 | 8 18 27 75
43 | 8 18 29 60
43 | 8 18 29 61
42 | 8 18 33 60
42 | 8 18 33 61
47 | 8 18 38 56
47 | 8 18 38 57
46 | 8 18 39 56
46 | 8 18 39 57
44 | 8 19 22 70
44 | 8 19 22 71
44 | 8 19 23 74
44 | 8 19 23 75
44 | 8 19 26 70
44 | 8 19 26 74
44 | 8 19 27 71
44 | 8 19 27 75
43 | 8 19 28 60
43 | 8 19 28 61
42 | 8 19 32 60
42 | 8 19 32 61
47 | 8 19 36 56
47 | 8 19 36 57
46 | 8 19 37 56
46 | 8 19 37 57
47 | 8 20 22 68
47 | 8 20 22 69
47 | 8 20 23 72
47 | 8 20 23 73
47 | 8 20 24 68
47 | 8 20 24 72
47 | 8 20 25 69
47 | 8 20 25 73
43 | 8 20 31 58
43 | 8 20 31 59
42 | 8 20 35 58
42 | 8 20 35 59
45 | 8 20 37 56
45 | 8 20 37 57
44 | 8 20 39 56
44 | 8 20 39 57
46 | 8 21 22 68
46 | 8 21 22 69
46 | 8 21 23 72
46 | 8 21 23 73
46 | 8 21 24 68
46 | 8 21 24 72
46 | 8 21 25 69
46 | 8 21 25 73
43 | 8 21 30 58
43 | 8 21 30 59
42 | 8 21 34 58
42 | 8 21 34 59
45 | 8 21 36 56
45 | 8 21 36 57
44 | 8 21 38 56
44 | 8 21 38 57
73 | 8 22 24 54
73 | 8 22 24 55
72 | 8 22 25 54
72 | 8 22 25 55
75 | 8 22 26 52
75 | 8 22 26 53
74 | 8 22 27 52
74 | 8 22 27 53
45 | 8 22 28 70
45 | 8 22 28 71
44 | 8 22 29 70
44 | 8 22 29 71
47 | 8 22 30 68
47 | 8 22 30 69
46 | 8 22 31 68
46 | 8 22 31 69
14 | 8 22 32 38
15 | 8 22 32 39
14 | 8 22 33 36
15 | 8 22 33 37
12 | 8 22 34 37
13 | 8 22 34 39
12 | 8 22 35 36
13 | 8 22 35 38
75 | 8 22 36 52
73 | 8 22 36 54
47 | 8 22 36 68
45 | 8 22 36 70
74 | 8 22 37 52
73 | 8 22 37 55
46 | 8 22 37 68
45 | 8 22 37 71
75 | 8 22 38 53
72 | 8 22 38 54
47 | 8 22 38 69
44 | 8 22 38 70
74 | 8 22 39 53
72 | 8 22 39 55
46 | 8 22 39 69
44 | 8 22 39 71
69 | 8 23 24 54
69 | 8 23 24 55
68 | 8 23 25 54
68 | 8 23 25 55
71 | 8 23 26 52
71 | 8 23 26 53
70 | 8 23 27 52
70 | 8 23 27 53
14 | 8 23 28 38
15 | 8 23 28 39
14 | 8 23 29 36
15 | 8 23 29 37
12 | 8 23 30 37
13 | 8 23 30 39
12 | 8 23 31 36
13 | 8 23 31 38
45 | 8 23 32 74
45 | 8 23 32 75
44 | 8 23 33 74
44 | 8 23 33 75
47 | 8 23 34 72
47 | 8 23 34 73
46 | 8 23 35 72
46 | 8 23 35 73
71 | 8 23 36 52
69 | 8 23 36 54
47 | 8 23 36 72
45 | 8 23 36 74
70 | 8 23 37 52
69 | 8 23 37 55
46 | 8 23 37 72
45 | 8 23 37 75
71 | 8 23 38 53
68 | 8 23 38 54
47 | 8 23 38 73
44 | 8 23 38 74
70 | 8 23 39 53
68 | 8 23 39 55
46 | 8 23 39 73
44 | 8 23 39 75
79 | 8 24 26 50
79 | 8 24 26 51
78 | 8 24 27 50
78 | 8 24 27 51
43 | 8 24 28 76
43 | 8 24 28 77
14 | 8 24 29 34
15 | 8 24 29 35
14 | 8 24 30 33
10 | 8 24 30 39
79 | 8 24 30 50
73 | 8 24 30 54
47 | 8 24 30 68
43 | 8 24 30 76
15 | 8 24 31 33
10 | 8 24 31 38
78 | 8 24 31 50
73 | 8 24 31 55
46 | 8 24 31 68
43 | 8 24 31 77
42 | 8 24 32 76
42 | 8 24 32 77
11 | 8 24 34 39
79 | 8 24 34 51
69 | 8 24 34 54
47 | 8 24 34 72
42 | 8 24 34 76
11 | 8 24 35 38
78 | 8 24 35 51
69 | 8 24 35 55
46 | 8 24 35 72
42 | 8 24 35 77
47 | 8 24 36 68
47 | 8 24 36 72
46 | 8 24 37 68
46 | 8 24 37 72
77 | 8 25 26 50
77 | 8 25 26 51
76 | 8 25 27 50
76 | 8 25 27 51
14 | 8 25 28 34
15 | 8 25 28 35
43 | 8 25 29 78
43 | 8 25 29 79
14 | 8 25 30 32
10 | 8 25 30 37
77 | 8 25 30 50
72 | 8 25 30 54
47 | 8 25 30 69
43 | 8 25 30 78
15 | 8 25 31 32
10 | 8 25 31 36
76 | 8 25 31 50
72 | 8 25 31 55
46 | 8 25 31 69
43 | 8 25 31 79
42 | 8 25 33 78
42 | 8 25 33 79
11 | 8 25 34 37
77 | 8 25 34 51
68 | 8 25 34 54
47 | 8 25 34 73
42 | 8 25 34 78
11 | 8 25 35 36
76 | 8 25 35 51
68 | 8 25 35 55
46 | 8 25 35 73
42 | 8 25 35 79
47 | 8 25 38 69
47 | 8 25 38 73
46 | 8 25 39 69
46 | 8 25 39 73
12 | 8 26 28 35
10 | 8 26 28 39
79 | 8 26 28 50
75 | 8 26 28 52
45 | 8 26 28 70
43 | 8 26 28 76
13 | 8 26 29 35
10 | 8 26 29 37
77 | 8 26 29 50
75 | 8 26 29 53
44 | 8 26 29 70
43 | 8 26 29 78
43 | 8 26 30 76
43 | 8 26 30 78
12 | 8 26 31 32
13 | 8 26 31 33
11 | 8 26 32 39
79 | 8 26 32 51
71 | 8 26 32 52
45 | 8 26 32 74
42 | 8 26 32 76
11 | 8 26 33 37
77 | 8 26 33 51
71 | 8 26 33 53
44 | 8 26 33 74
42 | 8 26 33 78
42 | 8 26 34 76
42 | 8 26 34 78
45 | 8 26 36 70
45 | 8 26 36 74
44 | 8 26 38 70
44 | 8 26 38 74
12 | 8 27 28 34
10 | 8 27 28 38
78 | 8 27 28 50
74 | 8 27 28 52
45 | 8 27 28 71
43 | 8 27 28 77
13 | 8 27 29 34
10 | 8 27 29 36
76 | 8 27 29 50
74 | 8 27 29 53
44 | 8 27 29 71
43 | 8 27 29 79
12 | 8 27 30 32
13 | 8 27 30 33
43 | 8 27 31 77
43 | 8 27 31 79
11 | 8 27 32 38
78 | 8 27 32 51
70 | 8 27 32 52
45 | 8 27 32 75
42 | 8 27 32 77
11 | 8 27 33 36
76 | 8 27 33 51
70 | 8 27 33 53
44 | 8 27 33 75
42 | 8 27 33 79
42 | 8 27 35 77
42 | 8 27 35 79
45 | 8 27 37 71
45 | 8 27 37 75
44 | 8 27 39 71
44 | 8 27 39 75
65 | 8 28 32 54
65 | 8 28 32 55
45 | 8 28 32 60
45 | 8 28 32 61
67 | 8 28 34 52
65 | 8 28 34 54
47 | 8 28 34 58
45 | 8 28 34 60
66 | 8 28 35 52
65 | 8 28 35 55
46 | 8 28 35 58
45 | 8 28 35 61
67 | 8 28 38 50
63 | 8 28 38 54
47 | 8 28 38 56
43 | 8 28 38 60
66 | 8 28 39 50
63 | 8 28 39 55
46 | 8 28 39 56
43 | 8 28 39 61
64 | 8 29 33 54
64 | 8 29 33 55
44 | 8 29 33 60
44 | 8 29 33 61
67 | 8 29 34 53
64 | 8 29 34 54
47 | 8 29 34 59
44 | 8 29 34 60
66 | 8 29 35 53
64 | 8 29 35 55
46 | 8 29 35 59
44 | 8 29 35 61
67 | 8 29 36 50
63 | 8 29 36 54
47 | 8 29 36 56
43 | 8 29 36 60
66 | 8 29 37 50
63 | 8 29 37 55
46 | 8 29 37 56
43 | 8 29 37 61
67 | 8 30 32 52
65 | 8 30 32 54
47 | 8 30 32 58
45 | 8 30 32 60
67 | 8 30 33 53
64 | 8 30 33 54
47 | 8 30 33 59
44 | 8 30 33 60
67 | 8 30 34 52
67 | 8 30 34 53
47 | 8 30 34 58
47 | 8 30 34 59
65 | 8 30 37 50
63 | 8 30 37 52
45 | 8 30 37 56
43 | 8 30 37 58
64 | 8 30 39 50
63 | 8 30 39 53
44 | 8 30 39 56
43 | 8 30 39 59
66 | 8 31 32 52
65 | 8 31 32 55
46 | 8 31 32 58
45 | 8 31 32 61
66 | 8 31 33 53
64 | 8 31 33 55
46 | 8 31 33 59
44 | 8 31 33 61
66 | 8 31 35 52
66 | 8 31 35 53
46 | 8 31 35 58
46 | 8 31 35 59
65 | 8 31 36 50
63 | 8 31 36 52
45 | 8 31 36 56
43 | 8 31 36 58
64 | 8 31 38 50
63 | 8 31 38 53
44 | 8 31 38 56
43 | 8 31 38 59
67 | 8 32 38 51
62 | 8 32 38 54
47 | 8 32 38 57
42 | 8 32 38 60
66 | 8 32 39 51
62 | 8 32 39 55
46 | 8 32 39 57
42 | 8 32 39 61
67 | 8 33 36 51
62 | 8 33 36 54
47 | 8 33 36 57
42 | 8 33 36 60
66 | 8 33 37 51
62 | 8 33 37 55
46 | 8 33 37 57
42 | 8 33 37 61
65 | 8 34 37 51
62 | 8 34 37 52
45 | 8 34 37 57
42 | 8 34 37 58
64 | 8 34 39 51
62 | 8 34 39 53
44 | 8 34 39 57
42 | 8 34 39 59
65 | 8 35 36 51
62 | 8 35 36 52
45 | 8 35 36 57
42 | 8 35 36 58
64 | 8 35 38 51
62 | 8 35 38 53
44 | 8 35 38 57
42 | 8 35 38 59
67 | 8 36 38 50
67 | 8 36 38 51
47 | 8 36 38 56
47 | 8 36 38 57
66 | 8 37 39 50
66 | 8 37 39 51
46 | 8 37 39 56
46 | 8 37 39 57
73 | 9 10 18 54
73 | 9 10 18 55
72 | 9 10 19 54
72 | 9 10 19 55
75 | 9 10 20 52
75 | 9 10 20 53
74 | 9 10 21 52
74 | 9 10 21 53
59 | 9 10 32 54
59 | 9 10 32 55
58 | 9 10 33 54
58 | 9 10 33 55
61 | 9 10 34 52
61 | 9 10 34 53
60 | 9 10 35 52
60 | 9 10 35 53
69 | 9 11 18 54
69 | 9 11 18 55
68 | 9 11 19 54
68 | 9 11 19 55
71 | 9 11 20 52
71 | 9 11 20 53
70 | 9 11 21 52
70 | 9 11 21 53
59 | 9 11 28 54
59 | 9 11 28 55
58 | 9 11 29 54
58 | 9 11 29 55
61 | 9 11 30 52
61 | 9 11 30 53
60 | 9 11 31 52
60 | 9 11 31 53
73 | 9 12 16 54
73 | 9 12 16 55
69 | 9 12 17 54
69 | 9 12 17 55
79 | 9 12 20 50
79 | 9 12 20 51
78 | 9 12 21 50
78 | 9 12 21 51
57 | 9 12 29 54
57 | 9 12 29 55
56 | 9 12 33 54
56 | 9 12 33 55
61 | 9 12 38 50
61 | 9 12 38 51
60 | 9 12 39 50
60 | 9 12 39 51
72 | 9 13 16 54
72 | 9 13 16 55
68 | 9 13 17 54
68 | 9 13 17 55
77 | 9 13 20 50
77 | 9 13 20 51
76 | 9 13 21 50
76 | 9 13 21 51
57 | 9 13 28 54
57 | 9 13 28 55
56 | 9 13 32 54
56 | 9 13 32 55
61 | 9 13 36 50
61 | 9 13 36 51
60 | 9 13 37 50
60 | 9 13 37 51
75 | 9 14 16 52
75 | 9 14 16 53
71 | 9 14 17 52
71 | 9 14 17 53
79 | 9 14 18 50
79 | 9 14 18 51
77 | 9 14 19 50
77 | 9 14 19 51
57 | 9 14 31 52
57 | 9 14 31 53
56 | 9 14 35 52
56 | 9 14 35 53
59 | 9 14 37 50
59 | 9 14 37 51
58 | 9 14 39 50
58 | 9 14 39 51
74 | 9 15 16 52
74 | 9 15 16 53
70 | 9 15 17 52
70 | 9 15 17 53
78 | 9 15 18 50
78 | 9 15 18 51
76 | 9 15 19 50
76 | 9 15 19 51
57 | 9 15 30 52
57 | 9 15 30 53
56 | 9 15 34 52
56 | 9 15 34 53
59 | 9 15 36 50
59 | 9 15 36 51
58 | 9 15 38 50
58 | 9 15 38 51
73 | 9 16 18 54
73 | 9 16 18 55
72 | 9 16 19 54
72 | 9 16 19 55
75 | 9 16 20 52
75 | 9 16 20 53
74 | 9 16 21 52
74 | 9 16 21 53
45 | 9 16 24 70
45 | 9 16 24 71
44 | 9 16 25 70
44 | 9 16 25 71
47 | 9 16 26 68
47 | 9 16 26 69
46 | 9 16 27 68
46 | 9 16 27 69
45 | 9 16 28 70
45 | 9 16 28 71
44 | 9 16 29 70
44 | 9 16 29 71
47 | 9 16 30 68
47 | 9 16 30 69
46 | 9 16 31 68
46 | 9 16 31 69
14 | 9 16 32 38
15 | 9 16 32 39
14 | 9 16 33 36
15 | 9 16 33 37
12 | 9 16 34 37
13 | 9 16 34 39
12 | 9 16 35 36
13 | 9 16 35 38
75 | 9 16 36 52
73 | 9 16 36 54
47 | 9 16 36 68
45 | 9 16 36 70
74 | 9 16 37 52
73 | 9 16 37 55
46 | 9 16 37 68
45 | 9 16 37 71
75 | 9 16 38 53
72 | 9 16 38 54
47 | 9 16 38 69
44 | 9 16 38 70
74 | 9 16 39 53
72 | 9 16 39 55
46 | 9 16 39 69
44 | 9 16 39 71
69 | 9 17 18 54
69 | 9 17 18 55
68 | 9 17 19 54
68 | 9 17 19 55
71 | 9 17 20 52
71 | 9 17 20 53
70 | 9 17 21 52
70 | 9 17 21 53
45 | 9 17 24 74
45 | 9 17 24 75
44 | 9 17 25 74
44 | 9 17 25 75
47 | 9 17 26 72
47 | 9 17 26 73
46 | 9 17 27 72
46 | 9 17 27 73
14 | 9 17 28 38
15 | 9 17 28 39
14 | 9 17 29 36
15 | 9 17 29 37
12 | 9 17 30 37
13 | 9 17 30 39
12 | 9 17 31 36
13 | 9 17 31 38
45 | 9 17 32 74
45 | 9 17 32 75
44 | 9 17 33 74
44 | 9 17 33 75
47 | 9 17 34 72
47 | 9 17 34 73
46 | 9 17 35 72
46 | 9 17 35 73
71 | 9 17 36 52
69 | 9 17 36 54
47 | 9 17 36 72
45 | 9 17 36 74
70 | 9 17 37 52
69 | 9 17 37 55
46 | 9 17 37 72
45 | 9 17 37 75
71 | 9 17 38 53
68 | 9 17 38 54
47 | 9 17 38 73
44 | 9 17 38 74
70 | 9 17 39 53
68 | 9 17 39 55
46 | 9 17 39 73
44 | 9 17 39 75
79 | 9 18 20 50
79 | 9 18 20 51
78 | 9 18 21 50
78 | 9 18 21 51
43 | 9 18 22 76
43 | 9 18 22 77
42 | 9 18 23 76
42 | 9 18 23 77
47 | 9 18 26 68
47 | 9 18 26 72
46 | 9 18 27 68
46 | 9 18 27 72
43 | 9 18 28 76
43 | 9 18 28 77
14 | 9 18 29 34
15 | 9 18 29 35
14 | 9 18 30 33
10 | 9 18 30 39
79 | 9 18 30 50
73 | 9 18 30 54
47 | 9 18 30 68
43 | 9 18 30 76
15 | 9 18 31 33
10 | 9 18 31 38
78 | 9 18 31 50
73 | 9 18 31 55
46 | 9 18 31 68
43 | 9 18 31 77
42 | 9 18 32 76
42 | 9 18 32 77
11 | 9 18 34 39
79 | 9 18 34 51
69 | 9 18 34 54
47 | 9 18 34 72
42 | 9 18 34 76
11 | 9 18 35 38
78 | 9 18 35 51
69 | 9 18 35 55
46 | 9 18 35 72
42 | 9 18 35 77
47 | 9 18 36 68
47 | 9 18 36 72
46 | 9 18 37 68
46 | 9 18 37 72
77 | 9 19 20 50
77 | 9 19 20 51
76 | 9 19 21 50
76 | 9 19 21 51
43 | 9 19 22 78
43 | 9 19 22 79
42 | 9 19 23 78
42 | 9 19 23 79
47 | 9 19 26 69
47 | 9 19 26 73
46 | 9 19 27 69
46 | 9 19 27 73
14 | 9 19 28 34
15 | 9 19 28 35
43 | 9 19 29 78
43 | 9 19 29 79
14 | 9 19 30 32
10 | 9 19 30 37
77 | 9 19 30 50
72 | 9 19 30 54
47 | 9 19 30 69
43 | 9 19 30 78
15 | 9 19 31 32
10 | 9 19 31 36
76 | 9 19 31 50
72 | 9 19 31 55
46 | 9 19 31 69
43 | 9 19 31 79
42 | 9 19 33 78
42 | 9 19 33 79
11 | 9 19 34 37
77 | 9 19 34 51
68 | 9 19 34 54
47 | 9 19 34 73
42 | 9 19 34 78
11 | 9 19 35 36
76 | 9 19 35 51
68 | 9 19 35 55
46 | 9 19 35 73
42 | 9 19 35 79
47 | 9 19 38 69
47 | 9 19 38 73
46 | 9 19 39 69
46 | 9 19 39 73
43 | 9 20 22 76
43 | 9 20 22 78
42 | 9 20 23 76
42 | 9 20 23 78
45 | 9 20 24 70
45 | 9 20 24 74
44 | 9 20 25 70
44 | 9 20 25 74
12 | 9 20 28 35
10 | 9 20 28 39
79 | 9 20 28 50
75 | 9 20 28 52
45 | 9 20 28 70
43 | 9 20 28 76
13 | 9 20 29 35
10 | 9 20 29 37
77 | 9 20 29 50
75 | 9 20 29 53
44 | 9 20 29 70
43 | 9 20 29 78
43 | 9 20 30 76
43 | 9 20 30 78
12 | 9 20 31 32
13 | 9 20 31 33
11 | 9 20 32 39
79 | 9 20 32 51
71 | 9 20 32 52
45 | 9 20 32 74
42 | 9 20 32 76
11 | 9 20 33 37
77 | 9 20 33 51
71 | 9 20 33 53
44 | 9 20 33 74
42 | 9 20 33 78
42 | 9 20 34 76
42 | 9 20 34 78
45 | 9 20 36 70
45 | 9 20 36 74
44 | 9 20 38 70
44 | 9 20 38 74
43 | 9 21 22 77
43 | 9 21 22 79
42 | 9 21 23 77
42 | 9 21 23 79
45 | 9 21 24 71
45 | 9 21 24 75
44 | 9 21 25 71
44 | 9 21 25 75
12 | 9 21 28 34
10 | 9 21 28 38
78 | 9 21 28 50
74 | 9 21 28 52
45 | 9 21 28 71
43 | 9 21 28 77
13 | 9 21 29 34
10 | 9 21 29 36
76 | 9 21 29 50
74 | 9 21 29 53
44 | 9 21 29 71
43 | 9 21 29 79
12 | 9 21 30 32
13 | 9 21 30 33
43 | 9 21 31 77
43 | 9 21 31 79
11 | 9 21 32 38
78 | 9 21 32 51
70 | 9 21 32 52
45 | 9 21 32 75
42 | 9 21 32 77
11 | 9 21 33 36
76 | 9 21 33 51
70 | 9 21 33 53
44 | 9 21 33 75
42 | 9 21 33 79
42 | 9 21 35 77
42 | 9 21 35 79
45 | 9 21 37 71
45 | 9 21 37 75
44 | 9 21 39 71
44 | 9 21 39 75
45 | 9 22 32 66
45 | 9 22 32 67
44 | 9 22 33 66
44 | 9 22 33 67
47 | 9 22 34 64
47 | 9 22 34 65
46 | 9 22 35 64
46 | 9 22 35 65
45 | 9 23 28 66
45 | 9 23 28 67
44 | 9 23 29 66
44 | 9 23 29 67
47 | 9 23 30 64
47 | 9 23 30 65
46 | 9 23 31 64
46 | 9 23 31 65
43 | 9 24 29 66
43 | 9 24 29 67
42 | 9 24 33 66
42 | 9 24 33 67
47 | 9 24 38 62
47 | 9 24 38 63
46 | 9 24 39 62
46 | 9 24 39 63
43 | 9 25 28 66
43 | 9 25 28 67
42 | 9 25 32 66
42 | 9 25 32 67
47 | 9 25 36 62
47 | 9 25 36 63
46 | 9 25 37 62
46 | 9 25 37 63
43 | 9 26 31 64
43 | 9 26 31 65
42 | 9 26 35 64
42 | 9 26 35 65
45 | 9 26 37 62
45 | 9 26 37 63
44 | 9 26 39 62
44 | 9 26 39 63
43 | 9 27 30 64
43 | 9 27 30 65
42 | 9 27 34 64
42 | 9 27 34 65
45 | 9 27 36 62
45 | 9 27 36 63
44 | 9 27 38 62
44 | 9 27 38 63
59 | 9 28 32 54
59 | 9 28 32 55
45 | 9 28 32 66
45 | 9 28 32 67
61 | 9 28 34 52
59 | 9 28 34 54
47 | 9 28 34 64
45 | 9 28 34 66
60 | 9 28 35 52
59 | 9 28 35 55
46 | 9 28 35 64
45 | 9 28 35 67
61 | 9 28 38 50
57 | 9 28 38 54
47 | 9 28 38 62
43 | 9 28 38 66
60 | 9 28 39 50
57 | 9 28 39 55
46 | 9 28 39 62
43 | 9 28 39 67
58 | 9 29 33 54
58 | 9 29 33 55
44 | 9 29 33 66
44 | 9 29 33 67
61 | 9 29 34 53
58 | 9 29 34 54
47 | 9 29 34 65
44 | 9 29 34 66
60 | 9 29 35 53
58 | 9 29 35 55
46 | 9 29 35 65
44 | 9 29 35 67
61 | 9 29 36 50
57 | 9 29 36 54
47 | 9 29 36 62
43 | 9 29 36 66
60 | 9 29 37 50
57 | 9 29 37 55
46 | 9 29 37 62
43 | 9 29 37 67
61 | 9 30 32 52
59 | 9 30 32 54
47 | 9 30 32 64
45 | 9 30 32 66
61 | 9 30 33 53
58 | 9 30 33 54
47 | 9 30 33 65
44 | 9 30 33 66
61 | 9 30 34 52
61 | 9 30 34 53
47 | 9 30 34 64
47 | 9 30 34 65
59 | 9 30 37 50
57 | 9 30 37 52
45 | 9 30 37 62
43 | 9 30 37 64
58 | 9 30 39 50
57 | 9 30 39 53
44 | 9 30 39 62
43 | 9 30 39 65
60 | 9 31 32 52
59 | 9 31 32 55
46 | 9 31 32 64
45 | 9 31 32 67
60 | 9 31 33 53
58 | 9 31 33 55
46 | 9 31 33 65
44 | 9 31 33 67
60 | 9 31 35 52
60 | 9 31 35 53
46 | 9 31 35 64
46 | 9 31 35 65
59 | 9 31 36 50
57 | 9 31 36 52
45 | 9 31 36 62
43 | 9 31 36 64
58 | 9 31 38 50
57 | 9 31 38 53
44 | 9 31 38 62
43 | 9 31 38 65
61 | 9 32 38 51
56 | 9 32 38 54
47 | 9 32 38 63
42 | 9 32 38 66
60 | 9 32 39 51
56 | 9 32 39 55
46 | 9 32 39 63
42 | 9 32 39 67
61 | 9 33 36 51
56 | 9 33 36 54
47 | 9 33 36 63
42 | 9 33 36 66
60 | 9 33 37 51
56 | 9 33 37 55
46 | 9 33 37 63
42 | 9 33 37 67
59 | 9 34 37 51
56 | 9 34 37 52
45 | 9 34 37 63
42 | 9 34 37 64
58 | 9 34 39 51
56 | 9 34 39 53
44 | 9 34 39 63
42 | 9 34 39 65
59 | 9 35 36 51
56 | 9 35 36 52
45 | 9 35 36 63
42 | 9 35 36 64
58 | 9 35 38 51
56 | 9 35 38 53
44 | 9 35 38 63
42 | 9 35 38 65
61 | 9 36 38 50
61 | 9 36 38 51
47 | 9 36 38 62
47 | 9 36 38 63
60 | 9 37 39 50
60 | 9 37 39 51
46 | 9 37 39 62
46 | 9 37 39 63
65 | 10 12 17 54
65 | 10 12 17 55
63 | 10 12 19 54
63 | 10 12 19 55
59 | 10 12 23 54
59 | 10 12 23 55
57 | 10 12 25 54
57 | 10 12 25 55
79 | 10 12 34 48
79 | 10 12 34 49
78 | 10 12 35 48
78 | 10 12 35 49
75 | 10 12 38 48
75 | 10 12 38 49
74 | 10 12 39 48
74 | 10 12 39 49
64 | 10 13 17 54
64 | 10 13 17 55
63 | 10 13 18 54
63 | 10 13 18 55
58 | 10 13 23 54
58 | 10 13 23 55
57 | 10 13 24 54
57 | 10 13 24 55
77 | 10 13 34 48
77 | 10 13 34 49
76 | 10 13 35 48
76 | 10 13 35 49
75 | 10 13 36 48
75 | 10 13 36 49
74 | 10 13 37 48
74 | 10 13 37 49
67 | 10 14 17 52
67 | 10 14 17 53
63 | 10 14 21 52
63 | 10 14 21 53
61 | 10 14 23 52
61 | 10 14 23 53
57 | 10 14 27 52
57 | 10 14 27 53
79 | 10 14 32 48
79 | 10 14 32 49
77 | 10 14 33 48
77 | 10 14 33 49
73 | 10 14 37 48
73 | 10 14 37 49
72 | 10 14 39 48
72 | 10 14 39 49
66 | 10 15 17 52
66 | 10 15 17 53
63 | 10 15 20 52
63 | 10 15 20 53
60 | 10 15 23 52
60 | 10 15 23 53
57 | 10 15 26 52
57 | 10 15 26 53
78 | 10 15 32 48
78 | 10 15 32 49
76 | 10 15 33 48
76 | 10 15 33 49
73 | 10 15 36 48
73 | 10 15 36 49
72 | 10 15 38 48
72 | 10 15 38 49
45 | 10 16 24 70
45 | 10 16 24 71
44 | 10 16 25 70
44 | 10 16 25 71
47 | 10 16 26 68
47 | 10 16 26 69
46 | 10 16 27 68
46 | 10 16 27 69
41 | 10 16 32 76
41 | 10 16 32 77
41 | 10 16 33 78
41 | 10 16 33 79
41 | 10 16 34 76
41 | 10 16 34 78
41 | 10 16 35 77
41 | 10 16 35 79
45 | 10 17 18 60
45 | 10 17 18 61
44 | 10 17 19 60
44 | 10 17 19 61
47 | 10 17 20 58
47 | 10 17 20 59
46 | 10 17 21 58
46 | 10 17 21 59
14 | 10 17 24 38
15 | 10 17 24 39
14 | 10 17 25 36
15 | 10 17 25 37
12 | 10 17 26 37
13 | 10 17 26 39
12 | 10 17 27 36
13 | 10 17 27 38
45 | 10 17 28 60
45 | 10 17 28 61
44 | 10 17 29 60
44 | 10 17 29 61
47 | 10 17 30 58
47 | 10 17 30 59
46 | 10 17 31 58
46 | 10 17 31 59
65 | 10 17 32 54
65 | 10 17 32 55
64 | 10 17 33 54
64 | 10 17 33 55
67 | 10 17 34 52
67 | 10 17 34 53
66 | 10 17 35 52
66 | 10 17 35 53
67 | 10 17 36 52
65 | 10 17 36 54
47 | 10 17 36 58
45 | 10 17 36 60
66 | 10 17 37 52
65 | 10 17 37 55
46 | 10 17 37 58
45 | 10 17 37 61
67 | 10 17 38 53
64 | 10 17 38 54
47 | 10 17 38 59
44 | 10 17 38 60
66 | 10 17 39 53
64 | 10 17 39 55
46 | 10 17 39 59
44 | 10 17 39 61
45 | 10 18 22 70
45 | 10 18 22 71
14 | 10 18 23 38
15 | 10 18 23 39
73 | 10 18 24 54
73 | 10 18 24 55
45 | 10 18 24 70
45 | 10 18 24 71
14 | 10 18 26 33
12 | 10 18 26 35
75 | 10 18 26 52
73 | 10 18 26 54
47 | 10 18 26 68
45 | 10 18 26 70
15 | 10 18 27 33
12 | 10 18 27 34
74 | 10 18 27 52
73 | 10 18 27 55
46 | 10 18 27 68
45 | 10 18 27 71
41 | 10 18 29 70
41 | 10 18 29 71
41 | 10 18 32 76
41 | 10 18 32 77
8 | 10 18 34 39
79 | 10 18 34 48
67 | 10 18 34 52
45 | 10 18 34 60
41 | 10 18 34 76
8 | 10 18 35 38
78 | 10 18 35 48
66 | 10 18 35 52
45 | 10 18 35 61
41 | 10 18 35 77
75 | 10 18 38 48
63 | 10 18 38 54
47 | 10 18 38 56
41 | 10 18 38 70
74 | 10 18 39 48
63 | 10 18 39 55
46 | 10 18 39 56
41 | 10 18 39 71
44 | 10 19 22 70
44 | 10 19 22 71
14 | 10 19 23 36
15 | 10 19 23 37
72 | 10 19 25 54
72 | 10 19 25 55
44 | 10 19 25 70
44 | 10 19 25 71
14 | 10 19 26 32
13 | 10 19 26 35
75 | 10 19 26 53
72 | 10 19 26 54
47 | 10 19 26 69
44 | 10 19 26 70
15 | 10 19 27 32
13 | 10 19 27 34
74 | 10 19 27 53
72 | 10 19 27 55
46 | 10 19 27 69
44 | 10 19 27 71
41 | 10 19 28 70
41 | 10 19 28 71
41 | 10 19 33 78
41 | 10 19 33 79
8 | 10 19 34 37
77 | 10 19 34 48
67 | 10 19 34 53
44 | 10 19 34 60
41 | 10 19 34 78
8 | 10 19 35 36
76 | 10 19 35 48
66 | 10 19 35 53
44 | 10 19 35 61
41 | 10 19 35 79
75 | 10 19 36 48
63 | 10 19 36 54
47 | 10 19 36 56
41 | 10 19 36 70
74 | 10 19 37 48
63 | 10 19 37 55
46 | 10 19 37 56
41 | 10 19 37 71
47 | 10 20 22 68
47 | 10 20 22 69
12 | 10 20 23 37
13 | 10 20 23 39
14 | 10 20 24 33
12 | 10 20 24 35
75 | 10 20 24 52
73 | 10 20 24 54
47 | 10 20 24 68
45 | 10 20 24 70
14 | 10 20 25 32
13 | 10 20 25 35
75 | 10 20 25 53
72 | 10 20 25 54
47 | 10 20 25 69
44 | 10 20 25 70
75 | 10 20 26 52
75 | 10 20 26 53
47 | 10 20 26 68
47 | 10 20 26 69
41 | 10 20 31 68
41 | 10 20 31 69
8 | 10 20 32 39
79 | 10 20 32 48
65 | 10 20 32 54
47 | 10 20 32 58
41 | 10 20 32 76
8 | 10 20 33 37
77 | 10 20 33 48
64 | 10 20 33 54
47 | 10 20 33 59
41 | 10 20 33 78
41 | 10 20 34 76
41 | 10 20 34 78
73 | 10 20 37 48
63 | 10 20 37 52
45 | 10 20 37 56
41 | 10 20 37 68
72 | 10 20 39 48
63 | 10 20 39 53
44 | 10 20 39 56
41 | 10 20 39 69
46 | 10 21 22 68
46 | 10 21 22 69
12 | 10 21 23 36
13 | 10 21 23 38
15 | 10 21 24 33
12 | 10 21 24 34
74 | 10 21 24 52
73 | 10 21 24 55
46 | 10 21 24 68
45 | 10 21 24 71
15 | 10 21 25 32
13 | 10 21 25 34
74 | 10 21 25 53
72 | 10 21 25 55
46 | 10 21 25 69
44 | 10 21 25 71
74 | 10 21 27 52
74 | 10 21 27 53
46 | 10 21 27 68
46 | 10 21 27 69
41 | 10 21 30 68
41 | 10 21 30 69
8 | 10 21 32 38
78 | 10 21 32 48
65 | 10 21 32 55
46 | 10 21 32 58
41 | 10 21 32 77
8 | 10 21 33 36
76 | 10 21 33 48
64 | 10 21 33 55
46 | 10 21 33 59
41 | 10 21 33 79
41 | 10 21 35 77
41 | 10 21 35 79
73 | 10 21 36 48
63 | 10 21 36 52
45 | 10 21 36 56
41 | 10 21 36 68
72 | 10 21 38 48
63 | 10 21 38 53
44 | 10 21 38 56
41 | 10 21 38 69
40 | 10 22 32 76
40 | 10 22 32 77
40 | 10 22 33 78
40 | 10 22 33 79
40 | 10 22 34 76
40 | 10 22 34 78
40 | 10 22 35 77
40 | 10 22 35 79
45 | 10 23 24 66
45 | 10 23 24 67
44 | 10 23 25 66
44 | 10 23 25 67
47 | 10 23 26 64
47 | 10 23 26 65
46 | 10 23 27 64
46 | 10 23 27 65
45 | 10 23 28 66
45 | 10 23 28 67
44 | 10 23 29 66
44 | 10 23 29 67
47 | 10 23 30 64
47 | 10 23 30 65
46 | 10 23 31 64
46 | 10 23 31 65
59 | 10 23 32 54
59 | 10 23 32 55
58 | 10 23 33 54
58 | 10 23 33 55
61 | 10 23 34 52
61 | 10 23 34 53
60 | 10 23 35 52
60 | 10 23 35 53
61 | 10 23 36 52
59 | 10 23 36 54
47 | 10 23 36 64
45 | 10 23 36 66
60 | 10 23 37 52
59 | 10 23 37 55
46 | 10 23 37 64
45 | 10 23 37 67
61 | 10 23 38 53
58 | 10 23 38 54
47 | 10 23 38 65
44 | 10 23 38 66
60 | 10 23 39 53
58 | 10 23 39 55
46 | 10 23 39 65
44 | 10 23 39 67
40 | 10 24 29 70
40 | 10 24 29 71
40 | 10 24 32 76
40 | 10 24 32 77
9 | 10 24 34 39
79 | 10 24 34 49
61 | 10 24 34 52
45 | 10 24 34 66
40 | 10 24 34 76
9 | 10 24 35 38
78 | 10 24 35 49
60 | 10 24 35 52
45 | 10 24 35 67
40 | 10 24 35 77
75 | 10 24 38 49
57 | 10 24 38 54
47 | 10 24 38 62
40 | 10 24 38 70
74 | 10 24 39 49
57 | 10 24 39 55
46 | 10 24 39 62
40 | 10 24 39 71
40 | 10 25 28 70
40 | 10 25 28 71
40 | 10 25 33 78
40 | 10 25 33 79
9 | 10 25 34 37
77 | 10 25 34 49
61 | 10 25 34 53
44 | 10 25 34 66
40 | 10 25 34 78
9 | 10 25 35 36
76 | 10 25 35 49
60 | 10 25 35 53
44 | 10 25 35 67
40 | 10 25 35 79
75 | 10 25 36 49
57 | 10 25 36 54
47 | 10 25 36 62
40 | 10 25 36 70
74 | 10 25 37 49
57 | 10 25 37 55
46 | 10 25 37 62
40 | 10 25 37 71
40 | 10 26 31 68
40 | 10 26 31 69
9 | 10 26 32 39
79 | 10 26 32 49
59 | 10 26 32 54
47 | 10 26 32 64
40 | 10 26 32 76
9 | 10 26 33 37
77 | 10 26 33 49
58 | 10 26 33 54
47 | 10 26 33 65
40 | 10 26 33 78
40 | 10 26 34 76
40 | 10 26 34 78
73 | 10 26 37 49
57 | 10 26 37 52
45 | 10 26 37 62
40 | 10 26 37 68
72 | 10 26 39 49
57 | 10 26 39 53
44 | 10 26 39 62
40 | 10 26 39 69
40 | 10 27 30 68
40 | 10 27 30 69
9 | 10 27 32 38
78 | 10 27 32 49
59 | 10 27 32 55
46 | 10 27 32 64
40 | 10 27 32 77
9 | 10 27 33 36
76 | 10 27 33 49
58 | 10 27 33 55
46 | 10 27 33 65
40 | 10 27 33 79
40 | 10 27 35 77
40 | 10 27 35 79
73 | 10 27 36 49
57 | 10 27 36 52
45 | 10 27 36 62
40 | 10 27 36 68
72 | 10 27 38 49
57 | 10 27 38 53
44 | 10 27 38 62
40 | 10 27 38 69
45 | 10 28 34 60
45 | 10 28 34 66
45 | 10 28 35 61
45 | 10 28 35 67
47 | 10 28 38 56
47 | 10 28 38 62
46 | 10 28 39 56
46 | 10 28 39 62
44 | 10 29 34 60
44 | 10 29 34 66
44 | 10 29 35 61
44 | 10 29 35 67
47 | 10 29 36 56
47 | 10 29 36 62
46 | 10 29 37 56
46 | 10 29 37 62
47 | 10 30 32 58
47 | 10 30 32 64
47 | 10 30 33 59
47 | 10 30 33 65
45 | 10 30 37 56
45 | 10 30 37 62
44 | 10 30 39 56
44 | 10 30 39 62
46 | 10 31 32 58
46 | 10 31 32 64
46 | 10 31 33 59
46 | 10 31 33 65
45 | 10 31 36 56
45 | 10 31 36 62
44 | 10 31 38 56
44 | 10 31 38 62
79 | 10 32 34 48
79 | 10 32 34 49
78 | 10 32 35 48
78 | 10 32 35 49
47 | 10 32 36 58
47 | 10 32 36 64
46 | 10 32 37 58
46 | 10 32 37 64
77 | 10 33 34 48
77 | 10 33 34 49
76 | 10 33 35 48
76 | 10 33 35 49
47 | 10 33 38 59
47 | 10 33 38 65
46 | 10 33 39 59
46 | 10 33 39 65
45 | 10 34 36 60
45 | 10 34 36 66
44 | 10 34 38 60
44 | 10 34 38 66
45 | 10 35 37 61
45 | 10 35 37 67
44 | 10 35 39 61
44 | 10 35 39 67
75 | 10 36 38 48
75 | 10 36 38 49
47 | 10 36 38 56
47 | 10 36 38 62
74 | 10 37 39 48
74 | 10 37 39 49
46 | 10 37 39 56
46 | 10 37 39 62
65 | 11 12 16 54
65 | 11 12 16 55
62 | 11 12 19 54
62 | 11 12 19 55
59 | 11 12 22 54
59 | 11 12 22 55
56 | 11 12 25 54
56 | 11 12 25 55
79 | 11 12 30 48
79 | 11 12 30 49
78 | 11 12 31 48
78 | 11 12 31 49
71 | 11 12 38 48
71 | 11 12 38 49
70 | 11 12 39 48
70 | 11 12 39 49
64 | 11 13 16 54
64 | 11 13 16 55
62 | 11 13 18 54
62 | 11 13 18 55
58 | 11 13 22 54
58 | 11 13 22 55
56 | 11 13 24 54
56 | 11 13 24 55
77 | 11 13 30 48
77 | 11 13 30 49
76 | 11 13 31 48
76 | 11 13 31 49
71 | 11 13 36 48
71 | 11 13 36 49
70 | 11 13 37 48
70 | 11 13 37 49
67 | 11 14 16 52
67 | 11 14 16 53
62 | 11 14 21 52
62 | 11 14 21 53
61 | 11 14 22 52
61 | 11 14 22 53
56 | 11 14 27 52
56 | 11 14 27 53
79 | 11 14 28 48
79 | 11 14 28 49
77 | 11 14 29 48
77 | 11 14 29 49
69 | 11 14 37 48
69 | 11 14 37 49
68 | 11 14 39 48
68 | 11 14 39 49
66 | 11 15 16 52
66 | 11 15 16 53
62 | 11 15 20 52
62 | 11 15 20 53
60 | 11 15 22 52
60 | 11 15 22 53
56 | 11 15 26 52
56 | 11 15 26 53
78 | 11 15 28 48
78 | 11 15 28 49
76 | 11 15 29 48
76 | 11 15 29 49
69 | 11 15 36 48
69 | 11 15 36 49
68 | 11 15 38 48
68 | 11 15 38 49
45 | 11 16 18 60
45 | 11 16 18 61
44 | 11 16 19 60
44 | 11 16 19 61
47 | 11 16 20 58
47 | 11 16 20 59
46 | 11 16 21 58
46 | 11 16 21 59
14 | 11 16 24 38
15 | 11 16 24 39
14 | 11 16 25 36
15 | 11 16 25 37
12 | 11 16 26 37
13 | 11 16 26 39
12 | 11 16 27 36
13 | 11 16 27 38
65 | 11 16 28 54
65 | 11 16 28 55
64 | 11 16 29 54
64 | 11 16 29 55
67 | 11 16 30 52
67 | 11 16 30 53
66 | 11 16 31 52
66 | 11 16 31 53
45 | 11 16 32 60
45 | 11 16 32 61
44 | 11 16 33 60
44 | 11 16 33 61
47 | 11 16 34 58
47 | 11 16 34 59
46 | 11 16 35 58
46 | 11 16 35 59
67 | 11 16 36 52
65 | 11 16 36 54
47 | 11 16 36 58
45 | 11 16 36 60
66 | 11 16 37 52
65 | 11 16 37 55
46 | 11 16 37 58
45 | 11 16 37 61
67 | 11 16 38 53
64 | 11 16 38 54
47 | 11 16 38 59
44 | 11 16 38 60
66 | 11 16 39 53
64 | 11 16 39 55
46 | 11 16 39 59
44 | 11 16 39 61
45 | 11 17 24 74
45 | 11 17 24 75
44 | 11 17 25 74
44 | 11 17 25 75
47 | 11 17 26 72
47 | 11 17 26 73
46 | 11 17 27 72
46 | 11 17 27 73
41 | 11 17 28 76
41 | 11 17 28 77
41 | 11 17 29 78
41 | 11 17 29 79
41 | 11 17 30 76
41 | 11 17 30 78
41 | 11 17 31 77
41 | 11 17 31 79
14 | 11 18 22 38
15 | 11 18 22 39
45 | 11 18 23 74
45 | 11 18 23 75
69 | 11 18 24 54
69 | 11 18 24 55
45 | 11 18 24 74
45 | 11 18 24 75
14 | 11 18 26 29
12 | 11 18 26 31
71 | 11 18 26 52
69 | 11 18 26 54
47 | 11 18 26 72
45 | 11 18 26 74
15 | 11 18 27 29
12 | 11 18 27 30
70 | 11 18 27 52
69 | 11 18 27 55
46 | 11 18 27 72
45 | 11 18 27 75
41 | 11 18 28 76
41 | 11 18 28 77
8 | 11 18 30 39
79 | 11 18 30 48
67 | 11 18 30 52
45 | 11 18 30 60
41 | 11 18 30 76
8 | 11 18 31 38
78 | 11 18 31 48
66 | 11 18 31 52
45 | 11 18 31 61
41 | 11 18 31 77
41 | 11 18 33 74
41 | 11 18 33 75
71 | 11 18 38 48
62 | 11 18 38 54
47 | 11 18 38 57
41 | 11 18 38 74
70 | 11 18 39 48
62 | 11 18 39 55
46 | 11 18 39 57
41 | 11 18 39 75
14 | 11 19 22 36
15 | 11 19 22 37
44 | 11 19 23 74
44 | 11 19 23 75
68 | 11 19 25 54
68 | 11 19 25 55
44 | 11 19 25 74
44 | 11 19 25 75
14 | 11 19 26 28
13 | 11 19 26 31
71 | 11 19 26 53
68 | 11 19 26 54
47 | 11 19 26 73
44 | 11 19 26 74
15 | 11 19 27 28
13 | 11 19 27 30
70 | 11 19 27 53
68 | 11 19 27 55
46 | 11 19 27 73
44 | 11 19 27 75
41 | 11 19 29 78
41 | 11 19 29 79
8 | 11 19 30 37
77 | 11 19 30 48
67 | 11 19 30 53
44 | 11 19 30 60
41 | 11 19 30 78
8 | 11 19 31 36
76 | 11 19 31 48
66 | 11 19 31 53
44 | 11 19 31 61
41 | 11 19 31 79
41 | 11 19 32 74
41 | 11 19 32 75
71 | 11 19 36 48
62 | 11 19 36 54
47 | 11 19 36 57
41 | 11 19 36 74
70 | 11 19 37 48
62 | 11 19 37 55
46 | 11 19 37 57
41 | 11 19 37 75
12 | 11 20 22 37
13 | 11 20 22 39
47 | 11 20 23 72
47 | 11 20 23 73
14 | 11 20 24 29
12 | 11 20 24 31
71 | 11 20 24 52
69 | 11 20 24 54
47 | 11 20 24 72
45 | 11 20 24 74
14 | 11 20 25 28
13 | 11 20 25 31
71 | 11 20 25 53
68 | 11 20 25 54
47 | 11 20 25 73
44 | 11 20 25 74
71 | 11 20 26 52
71 | 11 20 26 53
47 | 11 20 26 72
47 | 11 20 26 73
8 | 11 20 28 39
79 | 11 20 28 48
65 | 11 20 28 54
47 | 11 20 28 58
41 | 11 20 28 76
8 | 11 20 29 37
77 | 11 20 29 48
64 | 11 20 29 54
47 | 11 20 29 59
41 | 11 20 29 78
41 | 11 20 30 76
41 | 11 20 30 78
41 | 11 20 35 72
41 | 11 20 35 73
69 | 11 20 37 48
62 | 11 20 37 52
45 | 11 20 37 57
41 | 11 20 37 72
68 | 11 20 39 48
62 | 11 20 39 53
44 | 11 20 39 57
41 | 11 20 39 73
12 | 11 21 22 36
13 | 11 21 22 38
46 | 11 21 23 72
46 | 11 21 23 73
15 | 11 21 24 29
12 | 11 21 24 30
70 | 11 21 24 52
69 | 11 21 24 55
46 | 11 21 24 72
45 | 11 21 24 75
15 | 11 21 25 28
13 | 11 21 25 30
70 | 11 21 25 53
68 | 11 21 25 55
46 | 11 21 25 73
44 | 11 21 25 75
70 | 11 21 27 52
70 | 11 21 27 53
46 | 11 21 27 72
46 | 11 21 27 73
8 | 11 21 28 38
78 | 11 21 28 48
65 | 11 21 28 55
46 | 11 21 28 58
41 | 11 21 28 77
8 | 11 21 29 36
76 | 11 21 29 48
64 | 11 21 29 55
46 | 11 21 29 59
41 | 11 21 29 79
41 | 11 21 31 77
41 | 11 21 31 79
41 | 11 21 34 72
41 | 11 21 34 73
69 | 11 21 36 48
62 | 11 21 36 52
45 | 11 21 36 57
41 | 11 21 36 72
68 | 11 21 38 48
62 | 11 21 38 53
44 | 11 21 38 57
41 | 11 21 38 73
45 | 11 22 24 66
45 | 11 22 24 67
44 | 11 22 25 66
44 | 11 22 25 67
47 | 11 22 26 64
47 | 11 22 26 65
46 | 11 22 27 64
46 | 11 22 27 65
59 | 11 22 28 54
59 | 11 22 28 55
58 | 11 22 29 54
58 | 11 22 29 55
61 | 11 22 30 52
61 | 11 22 30 53
60 | 11 22 31 52
60 | 11 22 31 53
45 | 11 22 32 66
45 | 11 22 32 67
44 | 11 22 33 66
44 | 11 22 33 67
47 | 11 22 34 64
47 | 11 22 34 65
46 | 11 22 35 64
46 | 11 22 35 65
61 | 11 22 36 52
59 | 11 22 36 54
47 | 11 22 36 64
45 | 11 22 36 66
60 | 11 22 37 52
59 | 11 22 37 55
46 | 11 22 37 64
45 | 11 22 37 67
61 | 11 22 38 53
58 | 11 22 38 54
47 | 11 22 38 65
44 | 11 22 38 66
60 | 11 22 39 53
58 | 11 22 39 55
46 | 11 22 39 65
44 | 11 22 39 67
40 | 11 23 28 76
40 | 11 23 28 77
40 | 11 23 29 78
40 | 11 23 29 79
40 | 11 23 30 76
40 | 11 23 30 78
40 | 11 23 31 77
40 | 11 23 31 79
40 | 11 24 28 76
40 | 11 24 28 77
9 | 11 24 30 39
79 | 11 24 30 49
61 | 11 24 30 52
45 | 11 24 30 66
40 | 11 24 30 76
9 | 11 24 31 38
78 | 11 24 31 49
60 | 11 24 31 52
45 | 11 24 31 67
40 | 11 24 31 77
40 | 11 24 33 74
40 | 11 24 33 75
71 | 11 24 38 49
56 | 11 24 38 54
47 | 11 24 38 63
40 | 11 24 38 74
70 | 11 24 39 49
56 | 11 24 39 55
46 | 11 24 39 63
40 | 11 24 39 75
40 | 11 25 29 78
40 | 11 25 29 79
9 | 11 25 30 37
77 | 11 25 30 49
61 | 11 25 30 53
44 | 11 25 30 66
40 | 11 25 30 78
9 | 11 25 31 36
76 | 11 25 31 49
60 | 11 25 31 53
44 | 11 25 31 67
40 | 11 25 31 79
40 | 11 25 32 74
40 | 11 25 32 75
71 | 11 25 36 49
56 | 11 25 36 54
47 | 11 25 36 63
40 | 11 25 36 74
70 | 11 25 37 49
56 | 11 25 37 55
46 | 11 25 37 63
40 | 11 25 37 75
9 | 11 26 28 39
79 | 11 26 28 49
59 | 11 26 28 54
47 | 11 26 28 64
40 | 11 26 28 76
9 | 11 26 29 37
77 | 11 26 29 49
58 | 11 26 29 54
47 | 11 26 29 65
40 | 11 26 29 78
40 | 11 26 30 76
40 | 11 26 30 78
40 | 11 26 35 72
40 | 11 26 35 73
69 | 11 26 37 49
56 | 11 26 37 52
45 | 11 26 37 63
40 | 11 26 37 72
68 | 11 26 39 49
56 | 11 26 39 53
44 | 11 26 39 63
40 | 11 26 39 73
9 | 11 27 28 38
78 | 11 27 28 49
59 | 11 27 28 55
46 | 11 27 28 64
40 | 11 27 28 77
9 | 11 27 29 36
76 | 11 27 29 49
58 | 11 27 29 55
46 | 11 27 29 65
40 | 11 27 29 79
40 | 11 27 31 77
40 | 11 27 31 79
40 | 11 27 34 72
40 | 11 27 34 73
69 | 11 27 36 49
56 | 11 27 36 52
45 | 11 27 36 63
40 | 11 27 36 72
68 | 11 27 38 49
56 | 11 27 38 53
44 | 11 27 38 63
40 | 11 27 38 73
79 | 11 28 30 48
79 | 11 28 30 49
78 | 11 28 31 48
78 | 11 28 31 49
47 | 11 28 34 58
47 | 11 28 34 64
46 | 11 28 35 58
46 | 11 28 35 64
47 | 11 28 36 58
47 | 11 28 36 64
46 | 11 28 37 58
46 | 11 28 37 64
77 | 11 29 30 48
77 | 11 29 30 49
76 | 11 29 31 48
76 | 11 29 31 49
47 | 11 29 34 59
47 | 11 29 34 65
46 | 11 29 35 59
46 | 11 29 35 65
47 | 11 29 38 59
47 | 11 29 38 65
46 | 11 29 39 59
46 | 11 29 39 65
45 | 11 30 32 60
45 | 11 30 32 66
44 | 11 30 33 60
44 | 11 30 33 66
45 | 11 30 36 60
45 | 11 30 36 66
44 | 11 30 38 60
44 | 11 30 38 66
45 | 11 31 32 61
45 | 11 31 32 67
44 | 11 31 33 61
44 | 11 31 33 67
45 | 11 31 37 61
45 | 11 31 37 67
44 | 11 31 39 61
44 | 11 31 39 67
47 | 11 32 38 57
47 | 11 32 38 63
46 | 11 32 39 57
46 | 11 32 39 63
47 | 11 33 36 57
47 | 11 33 36 63
46 | 11 33 37 57
46 | 11 33 37 63
45 | 11 34 37 57
45 | 11 34 37 63
44 | 11 34 39 57
44 | 11 34 39 63
45 | 11 35 36 57
45 | 11 35 36 63
44 | 11 35 38 57
44 | 11 35 38 63
71 | 11 36 38 48
71 | 11 36 38 49
47 | 11 36 38 57
47 | 11 36 38 63
70 | 11 37 39 48
70 | 11 37 39 49
46 | 11 37 39 57
46 | 11 37 39 63
67 | 12 14 19 50
67 | 12 14 19 51
65 | 12 14 21 50
65 | 12 14 21 51
61 | 12 14 25 50
61 | 12 14 25 51
59 | 12 14 27 50
59 | 12 14 27 51
75 | 12 14 29 48
75 | 12 14 29 49
73 | 12 14 31 48
73 | 12 14 31 49
71 | 12 14 33 48
71 | 12 14 33 49
69 | 12 14 35 48
69 | 12 14 35 49
66 | 12 15 19 50
66 | 12 15 19 51
65 | 12 15 20 50
65 | 12 15 20 51
60 | 12 15 25 50
60 | 12 15 25 51
59 | 12 15 26 50
59 | 12 15 26 51
74 | 12 15 29 48
74 | 12 15 29 49
73 | 12 15 30 48
73 | 12 15 30 49
70 | 12 15 33 48
70 | 12 15 33 49
69 | 12 15 34 48
69 | 12 15 34 49
43 | 12 16 19 60
43 | 12 16 19 61
73 | 12 16 22 54
73 | 12 16 22 55
43 | 12 16 22 76
43 | 12 16 22 77
43 | 12 16 24 76
43 | 12 16 24 77
14 | 12 16 25 34
15 | 12 16 25 35
14 | 12 16 26 33
10 | 12 16 26 39
79 | 12 16 26 50
73 | 12 16 26 54
47 | 12 16 26 68
43 | 12 16 26 76
15 | 12 16 27 33
10 | 12 16 27 38
78 | 12 16 27 50
73 | 12 16 27 55
46 | 12 16 27 68
43 | 12 16 27 77
41 | 12 16 29 70
41 | 12 16 29 71
41 | 12 16 32 76
41 | 12 16 32 77
8 | 12 16 34 39
79 | 12 16 34 48
65 | 12 16 34 54
47 | 12 16 34 58
41 | 12 16 34 76
8 | 12 16 35 38
78 | 12 16 35 48
65 | 12 16 35 55
46 | 12 16 35 58
41 | 12 16 35 77
75 | 12 16 38 48
67 | 12 16 38 50
43 | 12 16 38 60
41 | 12 16 38 70
74 | 12 16 39 48
66 | 12 16 39 50
43 | 12 16 39 61
41 | 12 16 39 71
42 | 12 17 19 60
42 | 12 17 19 61
69 | 12 17 23 54
69 | 12 17 23 55
42 | 12 17 23 76
42 | 12 17 23 77
42 | 12 17 24 76
42 | 12 17 24 77
14 | 12 17 25 30
15 | 12 17 25 31
14 | 12 17 26 29
11 | 12 17 26 39
79 | 12 17 26 51
69 | 12 17 26 54
47 | 12 17 26 72
42 | 12 17 26 76
15 | 12 17 27 29
11 | 12 17 27 38
78 | 12 17 27 51
69 | 12 17 27 55
46 | 12 17 27 72
42 | 12 17 27 77
41 | 12 17 28 76
41 | 12 17 28 77
8 | 12 17 30 39
79 | 12 17 30 48
65 | 12 17 30 54
47 | 12 17 30 58
41 | 12 17 30 76
8 | 12 17 31 38
78 | 12 17 31 48
65 | 12 17 31 55
46 | 12 17 31 58
41 | 12 17 31 77
41 | 12 17 33 74
41 | 12 17 33 75
71 | 12 17 38 48
67 | 12 17 38 51
42 | 12 17 38 60
41 | 12 17 38 74
70 | 12 17 39 48
66 | 12 17 39 51
42 | 12 17 39 61
41 | 12 17 39 75
43 | 12 18 22 76
43 | 12 18 22 77
42 | 12 18 23 76
42 | 12 18 23 77
47 | 12 18 26 68
47 | 12 18 26 72
46 | 12 18 27 68
46 | 12 18 27 72
41 | 12 18 29 70
41 | 12 18 29 71
41 | 12 18 33 74
41 | 12 18 33 75
41 | 12 18 38 70
41 | 12 18 38 74
41 | 12 18 39 71
41 | 12 18 39 75
47 | 12 19 20 56
47 | 12 19 20 57
46 | 12 19 21 56
46 | 12 19 21 57
14 | 12 19 22 34
15 | 12 19 22 35
14 | 12 19 23 30
15 | 12 19 23 31
10 | 12 19 26 31
11 | 12 19 26 35
10 | 12 19 27 30
11 | 12 19 27 34
43 | 12 19 28 60
43 | 12 19 28 61
63 | 12 19 29 54
63 | 12 19 29 55
67 | 12 19 30 50
63 | 12 19 30 54
47 | 12 19 30 56
43 | 12 19 30 60
66 | 12 19 31 50
63 | 12 19 31 55
46 | 12 19 31 56
43 | 12 19 31 61
42 | 12 19 32 60
42 | 12 19 32 61
62 | 12 19 33 54
62 | 12 19 33 55
67 | 12 19 34 51
62 | 12 19 34 54
47 | 12 19 34 57
42 | 12 19 34 60
66 | 12 19 35 51
62 | 12 19 35 55
46 | 12 19 35 57
42 | 12 19 35 61
47 | 12 19 36 56
47 | 12 19 36 57
46 | 12 19 37 56
46 | 12 19 37 57
67 | 12 19 38 50
67 | 12 19 38 51
66 | 12 19 39 50
66 | 12 19 39 51
14 | 12 20 22 33
10 | 12 20 22 39
79 | 12 20 22 50
73 | 12 20 22 54
47 | 12 20 22 68
43 | 12 20 22 76
14 | 12 20 23 29
11 | 12 20 23 39
79 | 12 20 23 51
69 | 12 20 23 54
47 | 12 20 23 72
42 | 12 20 23 76
47 | 12 20 24 68
47 | 12 20 24 72
10 | 12 20 25 31
11 | 12 20 25 35
79 | 12 20 26 50
79 | 12 20 26 51
47 | 12 20 26 68
47 | 12 20 26 72
8 | 12 20 29 35
75 | 12 20 29 48
63 | 12 20 29 54
47 | 12 20 29 56
41 | 12 20 29 70
8 | 12 20 31 33
73 | 12 20 31 48
65 | 12 20 31 50
43 | 12 20 31 58
41 | 12 20 31 68
71 | 12 20 33 48
62 | 12 20 33 54
47 | 12 20 33 57
41 | 12 20 33 74
69 | 12 20 35 48
65 | 12 20 35 51
42 | 12 20 35 58
41 | 12 20 35 72
41 | 12 20 37 68
41 | 12 20 37 72
41 | 12 20 38 70
41 | 12 20 38 74
15 | 12 21 22 33
10 | 12 21 22 38
78 | 12 21 22 50
73 | 12 21 22 55
46 | 12 21 22 68
43 | 12 21 22 77
15 | 12 21 23 29
11 | 12 21 23 38
78 | 12 21 23 51
69 | 12 21 23 55
46 | 12 21 23 72
42 | 12 21 23 77
46 | 12 21 24 68
46 | 12 21 24 72
10 | 12 21 25 30
11 | 12 21 25 34
78 | 12 21 27 50
78 | 12 21 27 51
46 | 12 21 27 68
46 | 12 21 27 72
8 | 12 21 29 34
74 | 12 21 29 48
63 | 12 21 29 55
46 | 12 21 29 56
41 | 12 21 29 71
8 | 12 21 30 33
73 | 12 21 30 48
65 | 12 21 30 50
43 | 12 21 30 58
41 | 12 21 30 68
70 | 12 21 33 48
62 | 12 21 33 55
46 | 12 21 33 57
41 | 12 21 33 75
69 | 12 21 34 48
65 | 12 21 34 51
42 | 12 21 34 58
41 | 12 21 34 72
41 | 12 21 36 68
41 | 12 21 36 72
41 | 12 21 39 71
41 | 12 21 39 75
43 | 12 22 25 66
43 | 12 22 25 67
40 | 12 22 29 70
40 | 12 22 29 71
40 | 12 22 32 76
40 | 12 22 32 77
9 | 12 22 34 39
79 | 12 22 34 49
59 | 12 22 34 54
47 | 12 22 34 64
40 | 12 22 34 76
9 | 12 22 35 38
78 | 12 22 35 49
59 | 12 22 35 55
46 | 12 22 35 64
40 | 12 22 35 77
75 | 12 22 38 49
61 | 12 22 38 50
43 | 12 22 38 66
40 | 12 22 38 70
74 | 12 22 39 49
60 | 12 22 39 50
43 | 12 22 39 67
40 | 12 22 39 71
42 | 12 23 25 66
42 | 12 23 25 67
40 | 12 23 28 76
40 | 12 23 28 77
9 | 12 23 30 39
79 | 12 23 30 49
59 | 12 23 30 54
47 | 12 23 30 64
40 | 12 23 30 76
9 | 12 23 31 38
78 | 12 23 31 49
59 | 12 23 31 55
46 | 12 23 31 64
40 | 12 23 31 77
40 | 12 23 33 74
40 | 12 23 33 75
71 | 12 23 38 49
61 | 12 23 38 51
42 | 12 23 38 66
40 | 12 23 38 74
70 | 12 23 39 49
60 | 12 23 39 51
42 | 12 23 39 67
40 | 12 23 39 75
40 | 12 24 29 70
40 | 12 24 29 71
40 | 12 24 33 74
40 | 12 24 33 75
40 | 12 24 38 70
40 | 12 24 38 74
40 | 12 24 39 71
40 | 12 24 39 75
47 | 12 25 26 62
47 | 12 25 26 63
46 | 12 25 27 62
46 | 12 25 27 63
43 | 12 25 28 66
43 | 12 25 28 67
57 | 12 25 29 54
57 | 12 25 29 55
61 | 12 25 30 50
57 | 12 25 30 54
47 | 12 25 30 62
43 | 12 25 30 66
60 | 12 25 31 50
57 | 12 25 31 55
46 | 12 25 31 62
43 | 12 25 31 67
42 | 12 25 32 66
42 | 12 25 32 67
56 | 12 25 33 54
56 | 12 25 33 55
61 | 12 25 34 51
56 | 12 25 34 54
47 | 12 25 34 63
42 | 12 25 34 66
60 | 12 25 35 51
56 | 12 25 35 55
46 | 12 25 35 63
42 | 12 25 35 67
47 | 12 25 36 62
47 | 12 25 36 63
46 | 12 25 37 62
46 | 12 25 37 63
61 | 12 25 38 50
61 | 12 25 38 51
60 | 12 25 39 50
60 | 12 25 39 51
9 | 12 26 29 35
75 | 12 26 29 49
57 | 12 26 29 54
47 | 12 26 29 62
40 | 12 26 29 70
9 | 12 26 31 33
73 | 12 26 31 49
59 | 12 26 31 50
43 | 12 26 31 64
40 | 12 26 31 68
71 | 12 26 33 49
56 | 12 26 33 54
47 | 12 26 33 63
40 | 12 26 33 74
69 | 12 26 35 49
59 | 12 26 35 51
42 | 12 26 35 64
40 | 12 26 35 72
40 | 12 26 37 68
40 | 12 26 37 72
40 | 12 26 38 70
40 | 12 26 38 74
9 | 12 27 29 34
74 | 12 27 29 49
57 | 12 27 29 55
46 | 12 27 29 62
40 | 12 27 29 71
9 | 12 27 30 33
73 | 12 27 30 49
59 | 12 27 30 50
43 | 12 27 30 64
40 | 12 27 30 68
70 | 12 27 33 49
56 | 12 27 33 55
46 | 12 27 33 63
40 | 12 27 33 75
69 | 12 27 34 49
59 | 12 27 34 51
42 | 12 27 34 64
40 | 12 27 34 72
40 | 12 27 36 68
40 | 12 27 36 72
40 | 12 27 39 71
40 | 12 27 39 75
47 | 12 28 34 58
47 | 12 28 34 64
46 | 12 28 35 58
46 | 12 28 35 64
43 | 12 28 38 60
43 | 12 28 38 66
43 | 12 28 39 61
43 | 12 28 39 67
47 | 12 29 30 56
47 | 12 29 30 62
46 | 12 29 31 56
46 | 12 29 31 62
47 | 12 29 36 56
47 | 12 29 36 62
46 | 12 29 37 56
46 | 12 29 37 62
75 | 12 29 38 48
75 | 12 29 38 49
74 | 12 29 39 48
74 | 12 29 39 49
47 | 12 30 32 58
47 | 12 30 32 64
79 | 12 30 34 48
79 | 12 30 34 49
47 | 12 30 34 58
47 | 12 30 34 64
43 | 12 30 37 58
43 | 12 30 37 64
43 | 12 30 38 60
43 | 12 30 38 66
46 | 12 31 32 58
46 | 12 31 32 64
78 | 12 31 35 48
78 | 12 31 35 49
46 | 12 31 35 58
46 | 12 31 35 64
43 | 12 31 36 58
43 | 12 31 36 64
43 | 12 31 39 61
43 | 12 31 39 67
42 | 12 32 38 60
42 | 12 32 38 66
42 | 12 32 39 61
42 | 12 32 39 67
47 | 12 33 34 57
47 | 12 33 34 63
46 | 12 33 35 57
46 | 12 33 35 63
47 | 12 33 36 57
47 | 12 33 36 63
46 | 12 33 37 57
46 | 12 33 37 63
71 | 12 33 38 48
71 | 12 33 38 49
70 | 12 33 39 48
70 | 12 33 39 49
42 | 12 34 37 58
42 | 12 34 37 64
42 | 12 34 38 60
42 | 12 34 38 66
42 | 12 35 36 58
42 | 12 35 36 64
42 | 12 35 39 61
42 | 12 35 39 67
67 | 13 14 18 50
67 | 13 14 18 51
64 | 13 14 21 50
64 | 13 14 21 51
61 | 13 14 24 50
61 | 13 14 24 51
58 | 13 14 27 50
58 | 13 14 27 51
75 | 13 14 28 48
75 | 13 14 28 49
72 | 13 14 31 48
72 | 13 14 31 49
71 | 13 14 32 48
71 | 13 14 32 49
68 | 13 14 35 48
68 | 13 14 35 49
66 | 13 15 18 50
66 | 13 15 18 51
64 | 13 15 20 50
64 | 13 15 20 51
60 | 13 15 24 50
60 | 13 15 24 51
58 | 13 15 26 50
58 | 13 15 26 51
74 | 13 15 28 48
74 | 13 15 28 49
72 | 13 15 30 48
72 | 13 15 30 49
70 | 13 15 32 48
70 | 13 15 32 49
68 | 13 15 34 48
68 | 13 15 34 49
43 | 13 16 18 60
43 | 13 16 18 61
72 | 13 16 22 54
72 | 13 16 22 55
43 | 13 16 22 78
43 | 13 16 22 79
14 | 13 16 24 34
15 | 13 16 24 35
43 | 13 16 25 78
43 | 13 16 25 79
14 | 13 16 26 32
10 | 13 16 26 37
77 | 13 16 26 50
72 | 13 16 26 54
47 | 13 16 26 69
43 | 13 16 26 78
15 | 13 16 27 32
10 | 13 16 27 36
76 | 13 16 27 50
72 | 13 16 27 55
46 | 13 16 27 69
43 | 13 16 27 79
41 | 13 16 28 70
41 | 13 16 28 71
41 | 13 16 33 78
41 | 13 16 33 79
8 | 13 16 34 37
77 | 13 16 34 48
64 | 13 16 34 54
47 | 13 16 34 59
41 | 13 16 34 78
8 | 13 16 35 36
76 | 13 16 35 48
64 | 13 16 35 55
46 | 13 16 35 59
41 | 13 16 35 79
75 | 13 16 36 48
67 | 13 16 36 50
43 | 13 16 36 60
41 | 13 16 36 70
74 | 13 16 37 48
66 | 13 16 37 50
43 | 13 16 37 61
41 | 13 16 37 71
42 | 13 17 18 60
42 | 13 17 18 61
68 | 13 17 23 54
68 | 13 17 23 55
42 | 13 17 23 78
42 | 13 17 23 79
14 | 13 17 24 30
15 | 13 17 24 31
42 | 13 17 25 78
42 | 13 17 25 79
14 | 13 17 26 28
11 | 13 17 26 37
77 | 13 17 26 51
68 | 13 17 26 54
47 | 13 17 26 73
42 | 13 17 26 78
15 | 13 17 27 28
11 | 13 17 27 36
76 | 13 17 27 51
68 | 13 17 27 55
46 | 13 17 27 73
42 | 13 17 27 79
41 | 13 17 29 78
41 | 13 17 29 79
8 | 13 17 30 37
77 | 13 17 30 48
64 | 13 17 30 54
47 | 13 17 30 59
41 | 13 17 30 78
8 | 13 17 31 36
76 | 13 17 31 48
64 | 13 17 31 55
46 | 13 17 31 59
41 | 13 17 31 79
41 | 13 17 32 74
41 | 13 17 32 75
71 | 13 17 36 48
67 | 13 17 36 51
42 | 13 17 36 60
41 | 13 17 36 74
70 | 13 17 37 48
66 | 13 17 37 51
42 | 13 17 37 61
41 | 13 17 37 75
47 | 13 18 20 56
47 | 13 18 20 57
46 | 13 18 21 56
46 | 13 18 21 57
14 | 13 18 22 34
15 | 13 18 22 35
14 | 13 18 23 30
15 | 13 18 23 31
10 | 13 18 26 31
11 | 13 18 26 35
10 | 13 18 27 30
11 | 13 18 27 34
63 | 13 18 28 54
63 | 13 18 28 55
43 | 13 18 29 60
43 | 13 18 29 61
67 | 13 18 30 50
63 | 13 18 30 54
47 | 13 18 30 56
43 | 13 18 30 60
66 | 13 18 31 50
63 | 13 18 31 55
46 | 13 18 31 56
43 | 13 18 31 61
62 | 13 18 32 54
62 | 13 18 32 55
42 | 13 18 33 60
42 | 13 18 33 61
67 | 13 18 34 51
62 | 13 18 34 54
47 | 13 18 34 57
42 | 13 18 34 60
66 | 13 18 35 51
62 | 13 18 35 55
46 | 13 18 35 57
42 | 13 18 35 61
67 | 13 18 36 50
67 | 13 18 36 51
66 | 13 18 37 50
66 | 13 18 37 51
47 | 13 18 38 56
47 | 13 18 38 57
46 | 13 18 39 56
46 | 13 18 39 57
43 | 13 19 22 78
43 | 13 19 22 79
42 | 13 19 23 78
42 | 13 19 23 79
47 | 13 19 26 69
47 | 13 19 26 73
46 | 13 19 27 69
46 | 13 19 27 73
41 | 13 19 28 70
41 | 13 19 28 71
41 | 13 19 32 74
41 | 13 19 32 75
41 | 13 19 36 70
41 | 13 19 36 74
41 | 13 19 37 71
41 | 13 19 37 75
14 | 13 20 22 32
10 | 13 20 22 37
77 | 13 20 22 50
72 | 13 20 22 54
47 | 13 20 22 69
43 | 13 20 22 78
14 | 13 20 23 28
11 | 13 20 23 37
77 | 13 20 23 51
68 | 13 20 23 54
47 | 13 20 23 73
42 | 13 20 23 78
10 | 13 20 24 31
11 | 13 20 24 35
47 | 13 20 25 69
47 | 13 20 25 73
77 | 13 20 26 50
77 | 13 20 26 51
47 | 13 20 26 69
47 | 13 20 26 73
8 | 13 20 28 35
75 | 13 20 28 48
63 | 13 20 28 54
47 | 13 20 28 56
41 | 13 20 28 70
8 | 13 20 31 32
72 | 13 20 31 48
64 | 13 20 31 50
43 | 13 20 31 59
41 | 13 20 31 69
71 | 13 20 32 48
62 | 13 20 32 54
47 | 13 20 32 57
41 | 13 20 32 74
68 | 13 20 35 48
64 | 13 20 35 51
42 | 13 20 35 59
41 | 13 20 35 73
41 | 13 20 36 70
41 | 13 20 36 74
41 | 13 20 39 69
41 | 13 20 39 73
15 | 13 21 22 32
10 | 13 21 22 36
76 | 13 21 22 50
72 | 13 21 22 55
46 | 13 21 22 69
43 | 13 21 22 79
15 | 13 21 23 28
11 | 13 21 23 36
76 | 13 21 23 51
68 | 13 21 23 55
46 | 13 21 23 73
42 | 13 21 23 79
10 | 13 21 24 30
11 | 13 21 24 34
46 | 13 21 25 69
46 | 13 21 25 73
76 | 13 21 27 50
76 | 13 21 27 51
46 | 13 21 27 69
46 | 13 21 27 73
8 | 13 21 28 34
74 | 13 21 28 48
63 | 13 21 28 55
46 | 13 21 28 56
41 | 13 21 28 71
8 | 13 21 30 32
72 | 13 21 30 48
64 | 13 21 30 50
43 | 13 21 30 59
41 | 13 21 30 69
70 | 13 21 32 48
62 | 13 21 32 55
46 | 13 21 32 57
41 | 13 21 32 75
68 | 13 21 34 48
64 | 13 21 34 51
42 | 13 21 34 59
41 | 13 21 34 73
41 | 13 21 37 71
41 | 13 21 37 75
41 | 13 21 38 69
41 | 13 21 38 73
43 | 13 22 24 66
43 | 13 22 24 67
40 | 13 22 28 70
40 | 13 22 28 71
40 | 13 22 33 78
40 | 13 22 33 79
9 | 13 22 34 37
77 | 13 22 34 49
58 | 13 22 34 54
47 | 13 22 34 65
40 | 13 22 34 78
9 | 13 22 35 36
76 | 13 22 35 49
58 | 13 22 35 55
46 | 13 22 35 65
40 | 13 22 35 79
75 | 13 22 36 49
61 | 13 22 36 50
43 | 13 22 36 66
40 | 13 22 36 70
74 | 13 22 37 49
60 | 13 22 37 50
43 | 13 22 37 67
40 | 13 22 37 71
42 | 13 23 24 66
42 | 13 23 24 67
40 | 13 23 29 78
40 | 13 23 29 79
9 | 13 23 30 37
77 | 13 23 30 49
58 | 13 23 30 54
47 | 13 23 30 65
40 | 13 23 30 78
9 | 13 23 31 36
76 | 13 23 31 49
58 | 13 23 31 55
46 | 13 23 31 65
40 | 13 23 31 79
40 | 13 23 32 74
40 | 13 23 32 75
71 | 13 23 36 49
61 | 13 23 36 51
42 | 13 23 36 66
40 | 13 23 36 74
70 | 13 23 37 49
60 | 13 23 37 51
42 | 13 23 37 67
40 | 13 23 37 75
47 | 13 24 26 62
47 | 13 24 26 63
46 | 13 24 27 62
46 | 13 24 27 63
57 | 13 24 28 54
57 | 13 24 28 55
43 | 13 24 29 66
43 | 13 24 29 67
61 | 13 24 30 50
57 | 13 24 30 54
47 | 13 24 30 62
43 | 13 24 30 66
60 | 13 24 31 50
57 | 13 24 31 55
46 | 13 24 31 62
43 | 13 24 31 67
56 | 13 24 32 54
56 | 13 24 32 55
42 | 13 24 33 66
42 | 13 24 33 67
61 | 13 24 34 51
56 | 13 24 34 54
47 | 13 24 34 63
42 | 13 24 34 66
60 | 13 24 35 51
56 | 13 24 35 55
46 | 13 24 35 63
42 | 13 24 35 67
61 | 13 24 36 50
61 | 13 24 36 51
60 | 13 24 37 50
60 | 13 24 37 51
47 | 13 24 38 62
47 | 13 24 38 63
46 | 13 24 39 62
46 | 13 24 39 63
40 | 13 25 28 70
40 | 13 25 28 71
40 | 13 25 32 74
40 | 13 25 32 75
40 | 13 25 36 70
40 | 13 25 36 74
40 | 13 25 37 71
40 | 13 25 37 75
9 | 13 26 28 35
75 | 13 26 28 49
57 | 13 26 28 54
47 | 13 26 28 62
40 | 13 26 28 70
9 | 13 26 31 32
72 | 13 26 31 49
58 | 13 26 31 50
43 | 13 26 31 65
40 | 13 26 31 69
71 | 13 26 32 49
56 | 13 26 32 54
47 | 13 26 32 63
40 | 13 26 32 74
68 | 13 26 35 49
58 | 13 26 35 51
42 | 13 26 35 65
40 | 13 26 35 73
40 | 13 26 36 70
40 | 13 26 36 74
40 | 13 26 39 69
40 | 13 26 39 73
9 | 13 27 28 34
74 | 13 27 28 49
57 | 13 27 28 55
46 | 13 27 28 62
40 | 13 27 28 71
9 | 13 27 30 32
72 | 13 27 30 49
58 | 13 27 30 50
43 | 13 27 30 65
40 | 13 27 30 69
70 | 13 27 32 49
56 | 13 27 32 55
46 | 13 27 32 63
40 | 13 27 32 75
68 | 13 27 34 49
58 | 13 27 34 51
42 | 13 27 34 65
40 | 13 27 34 73
40 | 13 27 37 71
40 | 13 27 37 75
40 | 13 27 38 69
40 | 13 27 38 73
47 | 13 28 30 56
47 | 13 28 30 62
46 | 13 28 31 56
46 | 13 28 31 62
75 | 13 28 36 48
75 | 13 28 36 49
74 | 13 28 37 48
74 | 13 28 37 49
47 | 13 28 38 56
47 | 13 28 38 62
46 | 13 28 39 56
46 | 13 28 39 62
47 | 13 29 34 59
47 | 13 29 34 65
46 | 13 29 35 59
46 | 13 29 35 65
43 | 13 29 36 60
43 | 13 29 36 66
43 | 13 29 37 61
43 | 13 29 37 67
47 | 13 30 33 59
47 | 13 30 33 65
77 | 13 30 34 48
77 | 13 30 34 49
47 | 13 30 34 59
47 | 13 30 34 65
43 | 13 30 36 60
43 | 13 30 36 66
43 | 13 30 39 59
43 | 13 30 39 65
46 | 13 31 33 59
46 | 13 31 33 65
76 | 13 31 35 48
76 | 13 31 35 49
46 | 13 31 35 59
46 | 13 31 35 65
43 | 13 31 37 61
43 | 13 31 37 67
43 | 13 31 38 59
43 | 13 31 38 65
47 | 13 32 34 57
47 | 13 32 34 63
46 | 13 32 35 57
46 | 13 32 35 63
71 | 13 32 36 48
71 | 13 32 36 49
70 | 13 32 37 48
70 | 13 32 37 49
47 | 13 32 38 57
47 | 13 32 38 63
46 | 13 32 39 57
46 | 13 32 39 63
42 | 13 33 36 60
42 | 13 33 36 66
42 | 13 33 37 61
42 | 13 33 37 67
42 | 13 34 36 60
42 | 13 34 36 66
42 | 13 34 39 59
42 | 13 34 39 65
42 | 13 35 37 61
42 | 13 35 37 67
42 | 13 35 38 59
42 | 13 35 38 65
43 | 14 16 21 58
43 | 14 16 21 59
75 | 14 16 22 52
75 | 14 16 22 53
43 | 14 16 22 76
43 | 14 16 22 78
12 | 14 16 24 35
10 | 14 16 24 39
79 | 14 16 24 50
75 | 14 16 24 52
45 | 14 16 24 70
43 | 14 16 24 76
13 | 14 16 25 35
10 | 14 16 25 37
77 | 14 16 25 50
75 | 14 16 25 53
44 | 14 16 25 70
43 | 14 16 25 78
43 | 14 16 26 76
43 | 14 16 26 78
12 | 14 16 27 32
13 | 14 16 27 33
41 | 14 16 31 68
41 | 14 16 31 69
8 | 14 16 32 39
79 | 14 16 32 48
67 | 14 16 32 52
45 | 14 16 32 60
41 | 14 16 32 76
8 | 14 16 33 37
77 | 14 16 33 48
67 | 14 16 33 53
44 | 14 16 33 60
41 | 14 16 33 78
41 | 14 16 34 76
41 | 14 16 34 78
73 | 14 16 37 48
65 | 14 16 37 50
43 | 14 16 37 58
41 | 14 16 37 68
72 | 14 16 39 48
64 | 14 16 39 50
43 | 14 16 39 59
41 | 14 16 39 69
42 | 14 17 21 58
42 | 14 17 21 59
71 | 14 17 23 52
71 | 14 17 23 53
42 | 14 17 23 76
42 | 14 17 23 78
12 | 14 17 24 31
11 | 14 17 24 39
79 | 14 17 24 51
71 | 14 17 24 52
45 | 14 17 24 74
42 | 14 17 24 76
13 | 14 17 25 31
11 | 14 17 25 37
77 | 14 17 25 51
71 | 14 17 25 53
44 | 14 17 25 74
42 | 14 17 25 78
42 | 14 17 26 76
42 | 14 17 26 78
12 | 14 17 27 28
13 | 14 17 27 29
8 | 14 17 28 39
79 | 14 17 28 48
67 | 14 17 28 52
45 | 14 17 28 60
41 | 14 17 28 76
8 | 14 17 29 37
77 | 14 17 29 48
67 | 14 17 29 53
44 | 14 17 29 60
41 | 14 17 29 78
41 | 14 17 30 76
41 | 14 17 30 78
41 | 14 17 35 72
41 | 14 17 35 73
69 | 14 17 37 48
65 | 14 17 37 51
42 | 14 17 37 58
41 | 14 17 37 72
68 | 14 17 39 48
64 | 14 17 39 51
42 | 14 17 39 59
41 | 14 17 39 73
45 | 14 18 21 56
45 | 14 18 21 57
12 | 14 18 22 35
10 | 14 18 22 39
79 | 14 18 22 50
75 | 14 18 22 52
45 | 14 18 22 70
43 | 14 18 22 76
12 | 14 18 23 31
11 | 14 18 23 39
79 | 14 18 23 51
71 | 14 18 23 52
45 | 14 18 23 74
42 | 14 18 23 76
79 | 14 18 24 50
79 | 14 18 24 51
45 | 14 18 24 70
45 | 14 18 24 74
45 | 14 18 26 70
45 | 14 18 26 74
10 | 14 18 27 29
11 | 14 18 27 33
8 | 14 18 29 35
75 | 14 18 29 48
67 | 14 18 29 50
43 | 14 18 29 60
41 | 14 18 29 70
8 | 14 18 31 33
73 | 14 18 31 48
63 | 14 18 31 52
45 | 14 18 31 56
41 | 14 18 31 68
71 | 14 18 33 48
67 | 14 18 33 51
42 | 14 18 33 60
41 | 14 18 33 74
69 | 14 18 35 48
62 | 14 18 35 52
45 | 14 18 35 57
41 | 14 18 35 72
41 | 14 18 37 68
41 | 14 18 37 72
41 | 14 18 38 70
41 | 14 18 38 74
44 | 14 19 21 56
44 | 14 19 21 57
13 | 14 19 22 35
10 | 14 19 22 37
77 | 14 19 22 50
75 | 14 19 22 53
44 | 14 19 22 70
43 | 14 19 22 78
13 | 14 19 23 31
11 | 14 19 23 37
77 | 14 19 23 51
71 | 14 19 23 53
44 | 14 19 23 74
42 | 14 19 23 78
77 | 14 19 25 50
77 | 14 19 25 51
44 | 14 19 25 70
44 | 14 19 25 74
44 | 14 19 26 70
44 | 14 19 26 74
10 | 14 19 27 28
11 | 14 19 27 32
8 | 14 19 28 35
75 | 14 19 28 48
67 | 14 19 28 50
43 | 14 19 28 60
41 | 14 19 28 70
8 | 14 19 31 32
72 | 14 19 31 48
63 | 14 19 31 53
44 | 14 19 31 56
41 | 14 19 31 69
71 | 14 19 32 48
67 | 14 19 32 51
42 | 14 19 32 60
41 | 14 19 32 74
68 | 14 19 35 48
62 | 14 19 35 53
44 | 14 19 35 57
41 | 14 19 35 73
41 | 14 19 36 70
41 | 14 19 36 74
41 | 14 19 39 69
41 | 14 19 39 73
43 | 14 20 22 76
43 | 14 20 22 78
42 | 14 20 23 76
42 | 14 20 23 78
45 | 14 20 24 70
45 | 14 20 24 74
44 | 14 20 25 70
44 | 14 20 25 74
41 | 14 20 31 68
41 | 14 20 31 69
41 | 14 20 35 72
41 | 14 20 35 73
41 | 14 20 37 68
41 | 14 20 37 72
41 | 14 20 39 69
41 | 14 20 39 73
12 | 14 21 22 32
13 | 14 21 22 33
12 | 14 21 23 28
13 | 14 21 23 29
10 | 14 21 24 29
11 | 14 21 24 33
10 | 14 21 25 28
11 | 14 21 25 32
65 | 14 21 28 50
63 | 14 21 28 52
45 | 14 21 28 56
43 | 14 21 28 58
64 | 14 21 29 50
63 | 14 21 29 53
44 | 14 21 29 56
43 | 14 21 29 59
43 | 14 21 30 58
43 | 14 21 30 59
63 | 14 21 31 52
63 | 14 21 31 53
65 | 14 21 32 51
62 | 14 21 32 52
45 | 14 21 32 57
42 | 14 21 32 58
64 | 14 21 33 51
62 | 14 21 33 53
44 | 14 21 33 57
42 | 14 21 33 59
42 | 14 21 34 58
42 | 14 21 34 59
62 | 14 21 35 52
62 | 14 21 35 53
45 | 14 21 36 56
45 | 14 21 36 57
65 | 14 21 37 50
65 | 14 21 37 51
44 | 14 21 38 56
44 | 14 21 38 57
64 | 14 21 39 50
64 | 14 21 39 51
43 | 14 22 27 64
43 | 14 22 27 65
40 | 14 22 31 68
40 | 14 22 31 69
9 | 14 22 32 39
79 | 14 22 32 49
61 | 14 22 32 52
45 | 14 22 32 66
40 | 14 22 32 76
9 | 14 22 33 37
77 | 14 22 33 49
61 | 14 22 33 53
44 | 14 22 33 66
40 | 14 22 33 78
40 | 14 22 34 76
40 | 14 22 34 78
73 | 14 22 37 49
59 | 14 22 37 50
43 | 14 22 37 64
40 | 14 22 37 68
72 | 14 22 39 49
58 | 14 22 39 50
43 | 14 22 39 65
40 | 14 22 39 69
42 | 14 23 27 64
42 | 14 23 27 65
9 | 14 23 28 39
79 | 14 23 28 49
61 | 14 23 28 52
45 | 14 23 28 66
40 | 14 23 28 76
9 | 14 23 29 37
77 | 14 23 29 49
61 | 14 23 29 53
44 | 14 23 29 66
40 | 14 23 29 78
40 | 14 23 30 76
40 | 14 23 30 78
40 | 14 23 35 72
40 | 14 23 35 73
69 | 14 23 37 49
59 | 14 23 37 51
42 | 14 23 37 64
40 | 14 23 37 72
68 | 14 23 39 49
58 | 14 23 39 51
42 | 14 23 39 65
40 | 14 23 39 73
45 | 14 24 27 62
45 | 14 24 27 63
9 | 14 24 29 35
75 | 14 24 29 49
61 | 14 24 29 50
43 | 14 24 29 66
40 | 14 24 29 70
9 | 14 24 31 33
73 | 14 24 31 49
57 | 14 24 31 52
45 | 14 24 31 62
40 | 14 24 31 68
71 | 14 24 33 49
61 | 14 24 33 51
42 | 14 24 33 66
40 | 14 24 33 74
69 | 14 24 35 49
56 | 14 24 35 52
45 | 14 24 35 63
40 | 14 24 35 72
40 | 14 24 37 68
40 | 14 24 37 72
40 | 14 24 38 70
40 | 14 24 38 74
44 | 14 25 27 62
44 | 14 25 27 63
9 | 14 25 28 35
75 | 14 25 28 49
61 | 14 25 28 50
43 | 14 25 28 66
40 | 14 25 28 70
9 | 14 25 31 32
72 | 14 25 31 49
57 | 14 25 31 53
44 | 14 25 31 62
40 | 14 25 31 69
71 | 14 25 32 49
61 | 14 25 32 51
42 | 14 25 32 66
40 | 14 25 32 74
68 | 14 25 35 49
56 | 14 25 35 53
44 | 14 25 35 63
40 | 14 25 35 73
40 | 14 25 36 70
40 | 14 25 36 74
40 | 14 25 39 69
40 | 14 25 39 73
40 | 14 26 31 68
40 | 14 26 31 69
40 | 14 26 35 72
40 | 14 26 35 73
40 | 14 26 37 68
40 | 14 26 37 72
40 | 14 26 39 69
40 | 14 26 39 73
59 | 14 27 28 50
57 | 14 27 28 52
45 | 14 27 28 62
43 | 14 27 28 64
58 | 14 27 29 50
57 | 14 27 29 53
44 | 14 27 29 62
43 | 14 27 29 65
43 | 14 27 30 64
43 | 14 27 30 65
57 | 14 27 31 52
57 | 14 27 31 53
59 | 14 27 32 51
56 | 14 27 32 52
45 | 14 27 32 63
42 | 14 27 32 64
58 | 14 27 33 51
56 | 14 27 33 53
44 | 14 27 33 63
42 | 14 27 33 65
42 | 14 27 34 64
42 | 14 27 34 65
56 | 14 27 35 52
56 | 14 27 35 53
45 | 14 27 36 62
45 | 14 27 36 63
59 | 14 27 37 50
59 | 14 27 37 51
44 | 14 27 38 62
44 | 14 27 38 63
58 | 14 27 39 50
58 | 14 27 39 51
45 | 14 28 31 56
45 | 14 28 31 62
79 | 14 28 32 48
79 | 14 28 32 49
45 | 14 28 32 60
45 | 14 28 32 66
45 | 14 28 34 60
45 | 14 28 34 66
43 | 14 28 37 58
43 | 14 28 37 64
43 | 14 28 38 60
43 | 14 28 38 66
44 | 14 29 31 56
44 | 14 29 31 62
77 | 14 29 33 48
77 | 14 29 33 49
44 | 14 29 33 60
44 | 14 29 33 66
44 | 14 29 34 60
44 | 14 29 34 66
43 | 14 29 36 60
43 | 14 29 36 66
43 | 14 29 39 59
43 | 14 29 39 65
45 | 14 30 32 60
45 | 14 30 32 66
44 | 14 30 33 60
44 | 14 30 33 66
43 | 14 30 37 58
43 | 14 30 37 64
43 | 14 30 39 59
43 | 14 30 39 65
45 | 14 31 36 56
45 | 14 31 36 62
73 | 14 31 37 48
73 | 14 31 37 49
44 | 14 31 38 56
44 | 14 31 38 62
72 | 14 31 39 48
72 | 14 31 39 49
45 | 14 32 35 57
45 | 14 32 35 63
42 | 14 32 37 58
42 | 14 32 37 64
42 | 14 32 38 60
42 | 14 32 38 66
44 | 14 33 35 57
44 | 14 33 35 63
42 | 14 33 36 60
42 | 14 33 36 66
42 | 14 33 39 59
42 | 14 33 39 65
42 | 14 34 37 58
42 | 14 34 37 64
42 | 14 34 39 59
42 | 14 34 39 65
45 | 14 35 36 57
45 | 14 35 36 63
69 | 14 35 37 48
69 | 14 35 37 49
44 | 14 35 38 57
44 | 14 35 38 63
68 | 14 35 39 48
68 | 14 35 39 49
43 | 15 16 20 58
43 | 15 16 20 59
74 | 15 16 22 52
74 | 15 16 22 53
43 | 15 16 22 77
43 | 15 16 22 79
12 | 15 16 24 34
10 | 15 16 24 38
78 | 15 16 24 50
74 | 15 16 24 52
45 | 15 16 24 71
43 | 15 16 24 77
13 | 15 16 25 34
10 | 15 16 25 36
76 | 15 16 25 50
74 | 15 16 25 53
44 | 15 16 25 71
43 | 15 16 25 79
12 | 15 16 26 32
13 | 15 16 26 33
43 | 15 16 27 77
43 | 15 16 27 79
41 | 15 16 30 68
41 | 15 16 30 69
8 | 15 16 32 38
78 | 15 16 32 48
66 | 15 16 32 52
45 | 15 16 32 61
41 | 15 16 32 77
8 | 15 16 33 36
76 | 15 16 33 48
66 | 15 16 33 53
44 | 15 16 33 61
41 | 15 16 33 79
41 | 15 16 35 77
41 | 15 16 35 79
73 | 15 16 36 48
65 | 15 16 36 50
43 | 15 16 36 58
41 | 15 16 36 68
72 | 15 16 38 48
64 | 15 16 38 50
43 | 15 16 38 59
41 | 15 16 38 69
42 | 15 17 20 58
42 | 15 17 20 59
70 | 15 17 23 52
70 | 15 17 23 53
42 | 15 17 23 77
42 | 15 17 23 79
12 | 15 17 24 30
11 | 15 17 24 38
78 | 15 17 24 51
70 | 15 17 24 52
45 | 15 17 24 75
42 | 15 17 24 77
13 | 15 17 25 30
11 | 15 17 25 36
76 | 15 17 25 51
70 | 15 17 25 53
44 | 15 17 25 75
42 | 15 17 25 79
12 | 15 17 26 28
13 | 15 17 26 29
42 | 15 17 27 77
42 | 15 17 27 79
8 | 15 17 28 38
78 | 15 17 28 48
66 | 15 17 28 52
45 | 15 17 28 61
41 | 15 17 28 77
8 | 15 17 29 36
76 | 15 17 29 48
66 | 15 17 29 53
44 | 15 17 29 61
41 | 15 17 29 79
41 | 15 17 31 77
41 | 15 17 31 79
41 | 15 17 34 72
41 | 15 17 34 73
69 | 15 17 36 48
65 | 15 17 36 51
42 | 15 17 36 58
41 | 15 17 36 72
68 | 15 17 38 48
64 | 15 17 38 51
42 | 15 17 38 59
41 | 15 17 38 73
45 | 15 18 20 56
45 | 15 18 20 57
12 | 15 18 22 34
10 | 15 18 22 38
78 | 15 18 22 50
74 | 15 18 22 52
45 | 15 18 22 71
43 | 15 18 22 77
12 | 15 18 23 30
11 | 15 18 23 38
78 | 15 18 23 51
70 | 15 18 23 52
45 | 15 18 23 75
42 | 15 18 23 77
78 | 15 18 24 50
78 | 15 18 24 51
45 | 15 18 24 71
45 | 15 18 24 75
10 | 15 18 26 29
11 | 15 18 26 33
45 | 15 18 27 71
45 | 15 18 27 75
8 | 15 18 29 34
74 | 15 18 29 48
66 | 15 18 29 50
43 | 15 18 29 61
41 | 15 18 29 71
8 | 15 18 30 33
73 | 15 18 30 48
63 | 15 18 30 52
45 | 15 18 30 56
41 | 15 18 30 68
70 | 15 18 33 48
66 | 15 18 33 51
42 | 15 18 33 61
41 | 15 18 33 75
69 | 15 18 34 48
62 | 15 18 34 52
45 | 15 18 34 57
41 | 15 18 34 72
41 | 15 18 36 68
41 | 15 18 36 72
41 | 15 18 39 71
41 | 15 18 39 75
44 | 15 19 20 56
44 | 15 19 20 57
13 | 15 19 22 34
10 | 15 19 22 36
76 | 15 19 22 50
74 | 15 19 22 53
44 | 15 19 22 71
43 | 15 19 22 79
13 | 15 19 23 30
11 | 15 19 23 36
76 | 15 19 23 51
70 | 15 19 23 53
44 | 15 19 23 75
42 | 15 19 23 79
76 | 15 19 25 50
76 | 15 19 25 51
44 | 15 19 25 71
44 | 15 19 25 75
10 | 15 19 26 28
11 | 15 19 26 32
44 | 15 19 27 71
44 | 15 19 27 75
8 | 15 19 28 34
74 | 15 19 28 48
66 | 15 19 28 50
43 | 15 19 28 61
41 | 15 19 28 71
8 | 15 19 30 32
72 | 15 19 30 48
63 | 15 19 30 53
44 | 15 19 30 56
41 | 15 19 30 69
70 | 15 19 32 48
66 | 15 19 32 51
42 | 15 19 32 61
41 | 15 19 32 75
68 | 15 19 34 48
62 | 15 19 34 53
44 | 15 19 34 57
41 | 15 19 34 73
41 | 15 19 37 71
41 | 15 19 37 75
41 | 15 19 38 69
41 | 15 19 38 73
12 | 15 20 22 32
13 | 15 20 22 33
12 | 15 20 23 28
13 | 15 20 23 29
10 | 15 20 24 29
11 | 15 20 24 33
10 | 15 20 25 28
11 | 15 20 25 32
65 | 15 20 28 50
63 | 15 20 28 52
45 | 15 20 28 56
43 | 15 20 28 58
64 | 15 20 29 50
63 | 15 20 29 53
44 | 15 20 29 56
43 | 15 20 29 59
63 | 15 20 30 52
63 | 15 20 30 53
43 | 15 20 31 58
43 | 15 20 31 59
65 | 15 20 32 51
62 | 15 20 32 52
45 | 15 20 32 57
42 | 15 20 32 58
64 | 15 20 33 51
62 | 15 20 33 53
44 | 15 20 33 57
42 | 15 20 33 59
62 | 15 20 34 52
62 | 15 20 34 53
42 | 15 20 35 58
42 | 15 20 35 59
65 | 15 20 36 50
65 | 15 20 36 51
45 | 15 20 37 56
45 | 15 20 37 57
64 | 15 20 38 50
64 | 15 20 38 51
44 | 15 20 39 56
44 | 15 20 39 57
43 | 15 21 22 77
43 | 15 21 22 79
42 | 15 21 23 77
42 | 15 21 23 79
45 | 15 21 24 71
45 | 15 21 24 75
44 | 15 21 25 71
44 | 15 21 25 75
41 | 15 21 30 68
41 | 15 21 30 69
41 | 15 21 34 72
41 | 15 21 34 73
41 | 15 21 36 68
41 | 15 21 36 72
41 | 15 21 38 69
41 | 15 21 38 73
43 | 15 22 26 64
43 | 15 22 26 65
40 | 15 22 30 68
40 | 15 22 30 69
9 | 15 22 32 38
78 | 15 22 32 49
60 | 15 22 32 52
45 | 15 22 32 67
40 | 15 22 32 77
9 | 15 22 33 36
76 | 15 22 33 49
60 | 15 22 33 53
44 | 15 22 33 67
40 | 15 22 33 79
40 | 15 22 35 77
40 | 15 22 35 79
73 | 15 22 36 49
59 | 15 22 36 50
43 | 15 22 36 64
40 | 15 22 36 68
72 | 15 22 38 49
58 | 15 22 38 50
43 | 15 22 38 65
40 | 15 22 38 69
42 | 15 23 26 64
42 | 15 23 26 65
9 | 15 23 28 38
78 | 15 23 28 49
60 | 15 23 28 52
45 | 15 23 28 67
40 | 15 23 28 77
9 | 15 23 29 36
76 | 15 23 29 49
60 | 15 23 29 53
44 | 15 23 29 67
40 | 15 23 29 79
40 | 15 23 31 77
40 | 15 23 31 79
40 | 15 23 34 72
40 | 15 23 34 73
69 | 15 23 36 49
59 | 15 23 36 51
42 | 15 23 36 64
40 | 15 23 36 72
68 | 15 23 38 49
58 | 15 23 38 51
42 | 15 23 38 65
40 | 15 23 38 73
45 | 15 24 26 62
45 | 15 24 26 63
9 | 15 24 29 34
74 | 15 24 29 49
60 | 15 24 29 50
43 | 15 24 29 67
40 | 15 24 29 71
9 | 15 24 30 33
73 | 15 24 30 49
57 | 15 24 30 52
45 | 15 24 30 62
40 | 15 24 30 68
70 | 15 24 33 49
60 | 15 24 33 51
42 | 15 24 33 67
40 | 15 24 33 75
69 | 15 24 34 49
56 | 15 24 34 52
45 | 15 24 34 63
40 | 15 24 34 72
40 | 15 24 36 68
40 | 15 24 36 72
40 | 15 24 39 71
40 | 15 24 39 75
44 | 15 25 26 62
44 | 15 25 26 63
9 | 15 25 28 34
74 | 15 25 28 49
60 | 15 25 28 50
43 | 15 25 28 67
40 | 15 25 28 71
9 | 15 25 30 32
72 | 15 25 30 49
57 | 15 25 30 53
44 | 15 25 30 62
40 | 15 25 30 69
70 | 15 25 32 49
60 | 15 25 32 51
42 | 15 25 32 67
40 | 15 25 32 75
68 | 15 25 34 49
56 | 15 25 34 53
44 | 15 25 34 63
40 | 15 25 34 73
40 | 15 25 37 71
40 | 15 25 37 75
40 | 15 25 38 69
40 | 15 25 38 73
59 | 15 26 28 50
57 | 15 26 28 52
45 | 15 26 28 62
43 | 15 26 28 64
58 | 15 26 29 50
57 | 15 26 29 53
44 | 15 26 29 62
43 | 15 26 29 65
57 | 15 26 30 52
57 | 15 26 30 53
43 | 15 26 31 64
43 | 15 26 31 65
59 | 15 26 32 51
56 | 15 26 32 52
45 | 15 26 32 63
42 | 15 26 32 64
58 | 15 26 33 51
56 | 15 26 33 53
44 | 15 26 33 63
42 | 15 26 33 65
56 | 15 26 34 52
56 | 15 26 34 53
42 | 15 26 35 64
42 | 15 26 35 65
59 | 15 26 36 50
59 | 15 26 36 51
45 | 15 26 37 62
45 | 15 26 37 63
58 | 15 26 38 50
58 | 15 26 38 51
44 | 15 26 39 62
44 | 15 26 39 63
40 | 15 27 30 68
40 | 15 27 30 69
40 | 15 27 34 72
40 | 15 27 34 73
40 | 15 27 36 68
40 | 15 27 36 72
40 | 15 27 38 69
40 | 15 27 38 73
45 | 15 28 30 56
45 | 15 28 30 62
78 | 15 28 32 48
78 | 15 28 32 49
45 | 15 28 32 61
45 | 15 28 32 67
45 | 15 28 35 61
45 | 15 28 35 67
43 | 15 28 36 58
43 | 15 28 36 64
43 | 15 28 39 61
43 | 15 28 39 67
44 | 15 29 30 56
44 | 15 29 30 62
76 | 15 29 33 48
76 | 15 29 33 49
44 | 15 29 33 61
44 | 15 29 33 67
44 | 15 29 35 61
44 | 15 29 35 67
43 | 15 29 37 61
43 | 15 29 37 67
43 | 15 29 38 59
43 | 15 29 38 65
73 | 15 30 36 48
73 | 15 30 36 49
45 | 15 30 37 56
45 | 15 30 37 62
72 | 15 30 38 48
72 | 15 30 38 49
44 | 15 30 39 56
44 | 15 30 39 62
45 | 15 31 32 61
45 | 15 31 32 67
44 | 15 31 33 61
44 | 15 31 33 67
43 | 15 31 36 58
43 | 15 31 36 64
43 | 15 31 38 59
43 | 15 31 38 65
45 | 15 32 34 57
45 | 15 32 34 63
42 | 15 32 36 58
42 | 15 32 36 64
42 | 15 32 39 61
42 | 15 32 39 67
44 | 15 33 34 57
44 | 15 33 34 63
42 | 15 33 37 61
42 | 15 33 37 67
42 | 15 33 38 59
42 | 15 33 38 65
69 | 15 34 36 48
69 | 15 34 36 49
45 | 15 34 37 57
45 | 15 34 37 63
68 | 15 34 38 48
68 | 15 34 38 49
44 | 15 34 39 57
44 | 15 34 39 63
42 | 15 35 36 58
42 | 15 35 36 64
42 | 15 35 38 59
42 | 15 35 38 65
73 | 16 18 26 46
73 | 16 18 26 54
73 | 16 18 27 47
73 | 16 18 27 55
79 | 16 18 34 40
79 | 16 18 34 48
78 | 16 18 35 40
78 | 16 18 35 48
75 | 16 18 38 40
75 | 16 18 38 48
74 | 16 18 39 40
74 | 16 18 39 48
72 | 16 19 26 46
72 | 16 19 26 54
72 | 16 19 27 47
72 | 16 19 27 55
77 | 16 19 34 40
77 | 16 19 34 48
76 | 16 19 35 40
76 | 16 19 35 48
75 | 16 19 36 40
75 | 16 19 36 48
74 | 16 19 37 40
74 | 16 19 37 48
75 | 16 20 24 44
75 | 16 20 24 52
75 | 16 20 25 45
75 | 16 20 25 53
79 | 16 20 32 40
79 | 16 20 32 48
77 | 16 20 33 40
77 | 16 20 33 48
73 | 16 20 37 40
73 | 16 20 37 48
72 | 16 20 39 40
72 | 16 20 39 48
74 | 16 21 24 44
74 | 16 21 24 52
74 | 16 21 25 45
74 | 16 21 25 53
78 | 16 21 32 40
78 | 16 21 32 48
76 | 16 21 33 40
76 | 16 21 33 48
73 | 16 21 36 40
73 | 16 21 36 48
72 | 16 21 38 40
72 | 16 21 38 48
75 | 16 22 36 44
73 | 16 22 36 46
75 | 16 22 36 52
73 | 16 22 36 54
74 | 16 22 37 44
73 | 16 22 37 47
74 | 16 22 37 52
73 | 16 22 37 55
75 | 16 22 38 45
72 | 16 22 38 46
75 | 16 22 38 53
72 | 16 22 38 54
74 | 16 22 39 45
72 | 16 22 39 47
74 | 16 22 39 53
72 | 16 22 39 55
79 | 16 24 26 42
79 | 16 24 26 50
78 | 16 24 27 42
78 | 16 24 27 50
79 | 16 24 30 42
79 | 16 24 30 50
78 | 16 24 31 42
78 | 16 24 31 50
75 | 16 24 36 44
75 | 16 24 36 52
74 | 16 24 37 44
74 | 16 24 37 52
77 | 16 25 26 42
77 | 16 25 26 50
76 | 16 25 27 42
76 | 16 25 27 50
77 | 16 25 30 42
77 | 16 25 30 50
76 | 16 25 31 42
76 | 16 25 31 50
75 | 16 25 38 45
75 | 16 25 38 53
74 | 16 25 39 45
74 | 16 25 39 53
79 | 16 26 28 42
79 | 16 26 28 50
77 | 16 26 29 42
77 | 16 26 29 50
73 | 16 26 36 46
73 | 16 26 36 54
72 | 16 26 38 46
72 | 16 26 38 54
78 | 16 27 28 42
78 | 16 27 28 50
76 | 16 27 29 42
76 | 16 27 29 50
73 | 16 27 37 47
73 | 16 27 37 55
72 | 16 27 39 47
72 | 16 27 39 55
65 | 16 28 34 46
65 | 16 28 34 54
65 | 16 28 35 47
65 | 16 28 35 55
67 | 16 28 38 42
67 | 16 28 38 50
66 | 16 28 39 42
66 | 16 28 39 50
64 | 16 29 34 46
64 | 16 29 34 54
64 | 16 29 35 47
64 | 16 29 35 55
67 | 16 29 36 42
67 | 16 29 36 50
66 | 16 29 37 42
66 | 16 29 37 50
67 | 16 30 32 44
67 | 16 30 32 52
67 | 16 30 33 45
67 | 16 30 33 53
65 | 16 30 37 42
65 | 16 30 37 50
64 | 16 30 39 42
64 | 16 30 39 50
66 | 16 31 32 44
66 | 16 31 32 52
66 | 16 31 33 45
66 | 16 31 33 53
65 | 16 31 36 42
65 | 16 31 36 50
64 | 16 31 38 42
64 | 16 31 38 50
79 | 16 32 34 40
79 | 16 32 34 48
78 | 16 32 35 40
78 | 16 32 35 48
67 | 16 32 36 44
67 | 16 32 36 52
66 | 16 32 37 44
66 | 16 32 37 52
77 | 16 33 34 40
77 | 16 33 34 48
76 | 16 33 35 40
76 | 16 33 35 48
67 | 16 33 38 45
67 | 16 33 38 53
66 | 16 33 39 45
66 | 16 33 39 53
65 | 16 34 36 46
65 | 16 34 36 54
64 | 16 34 38 46
64 | 16 34 38 54
65 | 16 35 37 47
65 | 16 35 37 55
64 | 16 35 39 47
64 | 16 35 39 55
75 | 16 36 38 40
67 | 16 36 38 42
75 | 16 36 38 48
67 | 16 36 38 50
74 | 16 37 39 40
66 | 16 37 39 42
74 | 16 37 39 48
66 | 16 37 39 50
69 | 17 18 26 46
69 | 17 18 26 54
69 | 17 18 27 47
69 | 17 18 27 55
79 | 17 18 30 40
79 | 17 18 30 48
78 | 17 18 31 40
78 | 17 18 31 48
71 | 17 18 38 40
71 | 17 18 38 48
70 | 17 18 39 40
70 | 17 18 39 48
68 | 17 19 26 46
68 | 17 19 26 54
68 | 17 19 27 47
68 | 17 19 27 55
77 | 17 19 30 40
77 | 17 19 30 48
76 | 17 19 31 40
76 | 17 19 31 48
71 | 17 19 36 40
71 | 17 19 36 48
70 | 17 19 37 40
70 | 17 19 37 48
71 | 17 20 24 44
71 | 17 20 24 52
71 | 17 20 25 45
71 | 17 20 25 53
79 | 17 20 28 40
79 | 17 20 28 48
77 | 17 20 29 40
77 | 17 20 29 48
69 | 17 20 37 40
69 | 17 20 37 48
68 | 17 20 39 40
68 | 17 20 39 48
70 | 17 21 24 44
70 | 17 21 24 52
70 | 17 21 25 45
70 | 17 21 25 53
78 | 17 21 28 40
78 | 17 21 28 48
76 | 17 21 29 40
76 | 17 21 29 48
69 | 17 21 36 40
69 | 17 21 36 48
68 | 17 21 38 40
68 | 17 21 38 48
71 | 17 23 36 44
69 | 17 23 36 46
71 | 17 23 36 52
69 | 17 23 36 54
70 | 17 23 37 44
69 | 17 23 37 47
70 | 17 23 37 52
69 | 17 23 37 55
71 | 17 23 38 45
68 | 17 23 38 46
71 | 17 23 38 53
68 | 17 23 38 54
70 | 17 23 39 45
68 | 17 23 39 47
70 | 17 23 39 53
68 | 17 23 39 55
79 | 17 24 26 43
79 | 17 24 26 51
78 | 17 24 27 43
78 | 17 24 27 51
79 | 17 24 34 43
79 | 17 24 34 51
78 | 17 24 35 43
78 | 17 24 35 51
71 | 17 24 36 44
71 | 17 24 36 52
70 | 17 24 37 44
70 | 17 24 37 52
77 | 17 25 26 43
77 | 17 25 26 51
76 | 17 25 27 43
76 | 17 25 27 51
77 | 17 25 34 43
77 | 17 25 34 51
76 | 17 25 35 43
76 | 17 25 35 51
71 | 17 25 38 45
71 | 17 25 38 53
70 | 17 25 39 45
70 | 17 25 39 53
79 | 17 26 32 43
79 | 17 26 32 51
77 | 17 26 33 43
77 | 17 26 33 51
69 | 17 26 36 46
69 | 17 26 36 54
68 | 17 26 38 46
68 | 17 26 38 54
78 | 17 27 32 43
78 | 17 27 32 51
76 | 17 27 33 43
76 | 17 27 33 51
69 | 17 27 37 47
69 | 17 27 37 55
68 | 17 27 39 47
68 | 17 27 39 55
79 | 17 28 30 40
79 | 17 28 30 48
78 | 17 28 31 40
78 | 17 28 31 48
67 | 17 28 34 44
67 | 17 28 34 52
66 | 17 28 35 44
66 | 17 28 35 52
67 | 17 28 36 44
67 | 17 28 36 52
66 | 17 28 37 44
66 | 17 28 37 52
77 | 17 29 30 40
77 | 17 29 30 48
76 | 17 29 31 40
76 | 17 29 31 48
67 | 17 29 34 45
67 | 17 29 34 53
66 | 17 29 35 45
66 | 17 29 35 53
67 | 17 29 38 45
67 | 17 29 38 53
66 | 17 29 39 45
66 | 17 29 39 53
65 | 17 30 32 46
65 | 17 30 32 54
64 | 17 30 33 46
64 | 17 30 33 54
65 | 17 30 36 46
65 | 17 30 36 54
64 | 17 30 38 46
64 | 17 30 38 54
65 | 17 31 32 47
65 | 17 31 32 55
64 | 17 31 33 47
64 | 17 31 33 55
65 | 17 31 37 47
65 | 17 31 37 55
64 | 17 31 39 47
64 | 17 31 39 55
67 | 17 32 38 43
67 | 17 32 38 51
66 | 17 32 39 43
66 | 17 32 39 51
67 | 17 33 36 43
67 | 17 33 36 51
66 | 17 33 37 43
66 | 17 33 37 51
65 | 17 34 37 43
65 | 17 34 37 51
64 | 17 34 39 43
64 | 17 34 39 51
65 | 17 35 36 43
65 | 17 35 36 51
64 | 17 35 38 43
64 | 17 35 38 51
71 | 17 36 38 40
67 | 17 36 38 43
71 | 17 36 38 48
67 | 17 36 38 51
70 | 17 37 39 40
66 | 17 37 39 43
70 | 17 37 39 48
66 | 17 37 39 51
79 | 18 20 22 42
79 | 18 20 22 50
79 | 18 20 23 43
79 | 18 20 23 51
75 | 18 20 29 40
75 | 18 20 29 48
73 | 18 20 31 40
73 | 18 20 31 48
71 | 18 20 33 40
71 | 18 20 33 48
69 | 18 20 35 40
69 | 18 20 35 48
78 | 18 21 22 42
78 | 18 21 22 50
78 | 18 21 23 43
78 | 18 21 23 51
74 | 18 21 29 40
74 | 18 21 29 48
73 | 18 21 30 40
73 | 18 21 30 48
70 | 18 21 33 40
70 | 18 21 33 48
69 | 18 21 34 40
69 | 18 21 34 48
75 | 18 22 26 44
75 | 18 22 26 52
74 | 18 22 27 44
74 | 18 22 27 52
79 | 18 22 30 42
79 | 18 22 30 50
78 | 18 22 31 42
78 | 18 22 31 50
75 | 18 22 36 44
75 | 18 22 36 52
74 | 18 22 37 44
74 | 18 22 37 52
71 | 18 23 26 44
71 | 18 23 26 52
70 | 18 23 27 44
70 | 18 23 27 52
79 | 18 23 34 43
79 | 18 23 34 51
78 | 18 23 35 43
78 | 18 23 35 51
71 | 18 23 36 44
71 | 18 23 36 52
70 | 18 23 37 44
70 | 18 23 37 52
79 | 18 24 30 42
73 | 18 24 30 46
79 | 18 24 30 50
73 | 18 24 30 54
78 | 18 24 31 42
73 | 18 24 31 47
78 | 18 24 31 50
73 | 18 24 31 55
79 | 18 24 34 43
69 | 18 24 34 46
79 | 18 24 34 51
69 | 18 24 34 54
78 | 18 24 35 43
69 | 18 24 35 47
78 | 18 24 35 51
69 | 18 24 35 55
75 | 18 26 28 44
75 | 18 26 28 52
73 | 18 26 30 46
73 | 18 26 30 54
71 | 18 26 32 44
71 | 18 26 32 52
69 | 18 26 34 46
69 | 18 26 34 54
74 | 18 27 28 44
74 | 18 27 28 52
73 | 18 27 31 47
73 | 18 27 31 55
70 | 18 27 32 44
70 | 18 27 32 52
69 | 18 27 35 47
69 | 18 27 35 55
67 | 18 28 34 44
67 | 18 28 34 52
66 | 18 28 35 44
66 | 18 28 35 52
63 | 18 28 38 46
63 | 18 28 38 54
63 | 18 28 39 47
63 | 18 28 39 55
67 | 18 29 30 42
67 | 18 29 30 50
66 | 18 29 31 42
66 | 18 29 31 50
67 | 18 29 36 42
67 | 18 29 36 50
66 | 18 29 37 42
66 | 18 29 37 50
75 | 18 29 38 40
75 | 18 29 38 48
74 | 18 29 39 40
74 | 18 29 39 48
67 | 18 30 32 44
67 | 18 30 32 52
79 | 18 30 34 40
67 | 18 30 34 44
79 | 18 30 34 48
67 | 18 30 34 52
63 | 18 30 37 44
63 | 18 30 37 52
63 | 18 30 38 46
63 | 18 30 38 54
66 | 18 31 32 44
66 | 18 31 32 52
78 | 18 31 35 40
66 | 18 31 35 44
78 | 18 31 35 48
66 | 18 31 35 52
63 | 18 31 36 44
63 | 18 31 36 52
63 | 18 31 39 47
63 | 18 31 39 55
62 | 18 32 38 46
62 | 18 32 38 54
62 | 18 32 39 47
62 | 18 32 39 55
67 | 18 33 34 43
67 | 18 33 34 51
66 | 18 33 35 43
66 | 18 33 35 51
67 | 18 33 36 43
67 | 18 33 36 51
66 | 18 33 37 43
66 | 18 33 37 51
71 | 18 33 38 40
71 | 18 33 38 48
70 | 18 33 39 40
70 | 18 33 39 48
62 | 18 34 37 44
62 | 18 34 37 52
62 | 18 34 38 46
62 | 18 34 38 54
62 | 18 35 36 44
62 | 18 35 36 52
62 | 18 35 39 47
62 | 18 35 39 55
77 | 19 20 22 42
77 | 19 20 22 50
77 | 19 20 23 43
77 | 19 20 23 51
75 | 19 20 28 40
75 | 19 20 28 48
72 | 19 20 31 40
72 | 19 20 31 48
71 | 19 20 32 40
71 | 19 20 32 48
68 | 19 20 35 40
68 | 19 20 35 48
76 | 19 21 22 42
76 | 19 21 22 50
76 | 19 21 23 43
76 | 19 21 23 51
74 | 19 21 28 40
74 | 19 21 28 48
72 | 19 21 30 40
72 | 19 21 30 48
70 | 19 21 32 40
70 | 19 21 32 48
68 | 19 21 34 40
68 | 19 21 34 48
75 | 19 22 26 45
75 | 19 22 26 53
74 | 19 22 27 45
74 | 19 22 27 53
77 | 19 22 30 42
77 | 19 22 30 50
76 | 19 22 31 42
76 | 19 22 31 50
75 | 19 22 38 45
75 | 19 22 38 53
74 | 19 22 39 45
74 | 19 22 39 53
71 | 19 23 26 45
71 | 19 23 26 53
70 | 19 23 27 45
70 | 19 23 27 53
77 | 19 23 34 43
77 | 19 23 34 51
76 | 19 23 35 43
76 | 19 23 35 51
71 | 19 23 38 45
71 | 19 23 38 53
70 | 19 23 39 45
70 | 19 23 39 53
77 | 19 25 30 42
72 | 19 25 30 46
77 | 19 25 30 50
72 | 19 25 30 54
76 | 19 25 31 42
72 | 19 25 31 47
76 | 19 25 31 50
72 | 19 25 31 55
77 | 19 25 34 43
68 | 19 25 34 46
77 | 19 25 34 51
68 | 19 25 34 54
76 | 19 25 35 43
68 | 19 25 35 47
76 | 19 25 35 51
68 | 19 25 35 55
75 | 19 26 29 45
75 | 19 26 29 53
72 | 19 26 30 46
72 | 19 26 30 54
71 | 19 26 33 45
71 | 19 26 33 53
68 | 19 26 34 46
68 | 19 26 34 54
74 | 19 27 29 45
74 | 19 27 29 53
72 | 19 27 31 47
72 | 19 27 31 55
70 | 19 27 33 45
70 | 19 27 33 53
68 | 19 27 35 47
68 | 19 27 35 55
67 | 19 28 30 42
67 | 19 28 30 50
66 | 19 28 31 42
66 | 19 28 31 50
75 | 19 28 36 40
75 | 19 28 36 48
74 | 19 28 37 40
74 | 19 28 37 48
67 | 19 28 38 42
67 | 19 28 38 50
66 | 19 28 39 42
66 | 19 28 39 50
67 | 19 29 34 45
67 | 19 29 34 53
66 | 19 29 35 45
66 | 19 29 35 53
63 | 19 29 36 46
63 | 19 29 36 54
63 | 19 29 37 47
63 | 19 29 37 55
67 | 19 30 33 45
67 | 19 30 33 53
77 | 19 30 34 40
67 | 19 30 34 45
77 | 19 30 34 48
67 | 19 30 34 53
63 | 19 30 36 46
63 | 19 30 36 54
63 | 19 30 39 45
63 | 19 30 39 53
66 | 19 31 33 45
66 | 19 31 33 53
76 | 19 31 35 40
66 | 19 31 35 45
76 | 19 31 35 48
66 | 19 31 35 53
63 | 19 31 37 47
63 | 19 31 37 55
63 | 19 31 38 45
63 | 19 31 38 53
67 | 19 32 34 43
67 | 19 32 34 51
66 | 19 32 35 43
66 | 19 32 35 51
71 | 19 32 36 40
71 | 19 32 36 48
70 | 19 32 37 40
70 | 19 32 37 48
67 | 19 32 38 43
67 | 19 32 38 51
66 | 19 32 39 43
66 | 19 32 39 51
62 | 19 33 36 46
62 | 19 33 36 54
62 | 19 33 37 47
62 | 19 33 37 55
62 | 19 34 36 46
62 | 19 34 36 54
62 | 19 34 39 45
62 | 19 34 39 53
62 | 19 35 37 47
62 | 19 35 37 55
62 | 19 35 38 45
62 | 19 35 38 53
73 | 20 22 24 46
73 | 20 22 24 54
72 | 20 22 25 46
72 | 20 22 25 54
79 | 20 22 28 42
79 | 20 22 28 50
77 | 20 22 29 42
77 | 20 22 29 50
73 | 20 22 36 46
73 | 20 22 36 54
72 | 20 22 38 46
72 | 20 22 38 54
69 | 20 23 24 46
69 | 20 23 24 54
68 | 20 23 25 46
68 | 20 23 25 54
79 | 20 23 32 43
79 | 20 23 32 51
77 | 20 23 33 43
77 | 20 23 33 51
69 | 20 23 36 46
69 | 20 23 36 54
68 | 20 23 38 46
68 | 20 23 38 54
75 | 20 24 28 44
75 | 20 24 28 52
73 | 20 24 30 46
73 | 20 24 30 54
71 | 20 24 32 44
71 | 20 24 32 52
69 | 20 24 34 46
69 | 20 24 34 54
75 | 20 25 29 45
75 | 20 25 29 53
72 | 20 25 30 46
72 | 20 25 30 54
71 | 20 25 33 45
71 | 20 25 33 53
68 | 20 25 34 46
68 | 20 25 34 54
79 | 20 26 28 42
75 | 20 26 28 44
79 | 20 26 28 50
75 | 20 26 28 52
77 | 20 26 29 42
75 | 20 26 29 45
77 | 20 26 29 50
75 | 20 26 29 53
79 | 20 26 32 43
71 | 20 26 32 44
79 | 20 26 32 51
71 | 20 26 32 52
77 | 20 26 33 43
71 | 20 26 33 45
77 | 20 26 33 51
71 | 20 26 33 53
65 | 20 28 31 42
65 | 20 28 31 50
79 | 20 28 32 40
65 | 20 28 32 46
79 | 20 28 32 48
65 | 20 28 32 54
65 | 20 28 34 46
65 | 20 28 34 54
63 | 20 28 37 44
63 | 20 28 37 52
63 | 20 28 38 46
63 | 20 28 38 54
64 | 20 29 31 42
64 | 20 29 31 50
77 | 20 29 33 40
64 | 20 29 33 46
77 | 20 29 33 48
64 | 20 29 33 54
64 | 20 29 34 46
64 | 20 29 34 54
63 | 20 29 36 46
63 | 20 29 36 54
63 | 20 29 39 45
63 | 20 29 39 53
65 | 20 30 32 46
65 | 20 30 32 54
64 | 20 30 33 46
64 | 20 30 33 54
63 | 20 30 37 44
63 | 20 30 37 52
63 | 20 30 39 45
63 | 20 30 39 53
65 | 20 31 36 42
65 | 20 31 36 50
73 | 20 31 37 40
73 | 20 31 37 48
64 | 20 31 38 42
64 | 20 31 38 50
72 | 20 31 39 40
72 | 20 31 39 48
65 | 20 32 35 43
65 | 20 32 35 51
62 | 20 32 37 44
62 | 20 32 37 52
62 | 20 32 38 46
62 | 20 32 38 54
64 | 20 33 35 43
64 | 20 33 35 51
62 | 20 33 36 46
62 | 20 33 36 54
62 | 20 33 39 45
62 | 20 33 39 53
62 | 20 34 37 44
62 | 20 34 37 52
62 | 20 34 39 45
62 | 20 34 39 53
65 | 20 35 36 43
65 | 20 35 36 51
69 | 20 35 37 40
69 | 20 35 37 48
64 | 20 35 38 43
64 | 20 35 38 51
68 | 20 35 39 40
68 | 20 35 39 48
73 | 21 22 24 47
73 | 21 22 24 55
72 | 21 22 25 47
72 | 21 22 25 55
78 | 21 22 28 42
78 | 21 22 28 50
76 | 21 22 29 42
76 | 21 22 29 50
73 | 21 22 37 47
73 | 21 22 37 55
72 | 21 22 39 47
72 | 21 22 39 55
69 | 21 23 24 47
69 | 21 23 24 55
68 | 21 23 25 47
68 | 21 23 25 55
78 | 21 23 32 43
78 | 21 23 32 51
76 | 21 23 33 43
76 | 21 23 33 51
69 | 21 23 37 47
69 | 21 23 37 55
68 | 21 23 39 47
68 | 21 23 39 55
74 | 21 24 28 44
74 | 21 24 28 52
73 | 21 24 31 47
73 | 21 24 31 55
70 | 21 24 32 44
70 | 21 24 32 52
69 | 21 24 35 47
69 | 21 24 35 55
74 | 21 25 29 45
74 | 21 25 29 53
72 | 21 25 31 47
72 | 21 25 31 55
70 | 21 25 33 45
70 | 21 25 33 53
68 | 21 25 35 47
68 | 21 25 35 55
78 | 21 27 28 42
74 | 21 27 28 44
78 | 21 27 28 50
74 | 21 27 28 52
76 | 21 27 29 42
74 | 21 27 29 45
76 | 21 27 29 50
74 | 21 27 29 53
78 | 21 27 32 43
70 | 21 27 32 44
78 | 21 27 32 51
70 | 21 27 32 52
76 | 21 27 33 43
70 | 21 27 33 45
76 | 21 27 33 51
70 | 21 27 33 53
65 | 21 28 30 42
65 | 21 28 30 50
78 | 21 28 32 40
65 | 21 28 32 47
78 | 21 28 32 48
65 | 21 28 32 55
65 | 21 28 35 47
65 | 21 28 35 55
63 | 21 28 36 44
63 | 21 28 36 52
63 | 21 28 39 47
63 | 21 28 39 55
64 | 21 29 30 42
64 | 21 29 30 50
76 | 21 29 33 40
64 | 21 29 33 47
76 | 21 29 33 48
64 | 21 29 33 55
64 | 21 29 35 47
64 | 21 29 35 55
63 | 21 29 37 47
63 | 21 29 37 55
63 | 21 29 38 45
63 | 21 29 38 53
73 | 21 30 36 40
73 | 21 30 36 48
65 | 21 30 37 42
65 | 21 30 37 50
72 | 21 30 38 40
72 | 21 30 38 48
64 | 21 30 39 42
64 | 21 30 39 50
65 | 21 31 32 47
65 | 21 31 32 55
64 | 21 31 33 47
64 | 21 31 33 55
63 | 21 31 36 44
63 | 21 31 36 52
63 | 21 31 38 45
63 | 21 31 38 53
65 | 21 32 34 43
65 | 21 32 34 51
62 | 21 32 36 44
62 | 21 32 36 52
62 | 21 32 39 47
62 | 21 32 39 55
64 | 21 33 34 43
64 | 21 33 34 51
62 | 21 33 37 47
62 | 21 33 37 55
62 | 21 33 38 45
62 | 21 33 38 53
69 | 21 34 36 40
69 | 21 34 36 48
65 | 21 34 37 43
65 | 21 34 37 51
68 | 21 34 38 40
68 | 21 34 38 48
64 | 21 34 39 43
64 | 21 34 39 51
62 | 21 35 36 44
62 | 21 35 36 52
62 | 21 35 38 45
62 | 21 35 38 53
79 | 22 24 34 41
79 | 22 24 34 49
78 | 22 24 35 41
78 | 22 24 35 49
75 | 22 24 38 41
75 | 22 24 38 49
74 | 22 24 39 41
74 | 22 24 39 49
77 | 22 25 34 41
77 | 22 25 34 49
76 | 22 25 35 41
76 | 22 25 35 49
75 | 22 25 36 41
75 | 22 25 36 49
74 | 22 25 37 41
74 | 22 25 37 49
79 | 22 26 32 41
79 | 22 26 32 49
77 | 22 26 33 41
77 | 22 26 33 49
73 | 22 26 37 41
73 | 22 26 37 49
72 | 22 26 39 41
72 | 22 26 39 49
78 | 22 27 32 41
78 | 22 27 32 49
76 | 22 27 33 41
76 | 22 27 33 49
73 | 22 27 36 41
73 | 22 27 36 49
72 | 22 27 38 41
72 | 22 27 38 49
59 | 22 28 34 46
59 | 22 28 34 54
59 | 22 28 35 47
59 | 22 28 35 55
61 | 22 28 38 42
61 | 22 28 38 50
60 | 22 28 39 42
60 | 22 28 39 50
58 | 22 29 34 46
58 | 22 29 34 54
58 | 22 29 35 47
58 | 22 29 35 55
61 | 22 29 36 42
61 | 22 29 36 50
60 | 22 29 37 42
60 | 22 29 37 50
61 | 22 30 32 44
61 | 22 30 32 52
61 | 22 30 33 45
61 | 22 30 33 53
59 | 22 30 37 42
59 | 22 30 37 50
58 | 22 30 39 42
58 | 22 30 39 50
60 | 22 31 32 44
60 | 22 31 32 52
60 | 22 31 33 45
60 | 22 31 33 53
59 | 22 31 36 42
59 | 22 31 36 50
58 | 22 31 38 42
58 | 22 31 38 50
79 | 22 32 34 41
79 | 22 32 34 49
78 | 22 32 35 41
78 | 22 32 35 49
61 | 22 32 36 44
61 | 22 32 36 52
60 | 22 32 37 44
60 | 22 32 37 52
77 | 22 33 34 41
77 | 22 33 34 49
76 | 22 33 35 41
76 | 22 33 35 49
61 | 22 33 38 45
61 | 22 33 38 53
60 | 22 33 39 45
60 | 22 33 39 53
59 | 22 34 36 46
59 | 22 34 36 54
58 | 22 34 38 46
58 | 22 34 38 54
59 | 22 35 37 47
59 | 22 35 37 55
58 | 22 35 39 47
58 | 22 35 39 55
75 | 22 36 38 41
61 | 22 36 38 42
75 | 22 36 38 49
61 | 22 36 38 50
74 | 22 37 39 41
60 | 22 37 39 42
74 | 22 37 39 49
60 | 22 37 39 50
79 | 23 24 30 41
79 | 23 24 30 49
78 | 23 24 31 41
78 | 23 24 31 49
71 | 23 24 38 41
71 | 23 24 38 49
70 | 23 24 39 41
70 | 23 24 39 49
77 | 23 25 30 41
77 | 23 25 30 49
76 | 23 25 31 41
76 | 23 25 31 49
71 | 23 25 36 41
71 | 23 25 36 49
70 | 23 25 37 41
70 | 23 25 37 49
79 | 23 26 28 41
79 | 23 26 28 49
77 | 23 26 29 41
77 | 23 26 29 49
69 | 23 26 37 41
69 | 23 26 37 49
68 | 23 26 39 41
68 | 23 26 39 49
78 | 23 27 28 41
78 | 23 27 28 49
76 | 23 27 29 41
76 | 23 27 29 49
69 | 23 27 36 41
69 | 23 27 36 49
68 | 23 27 38 41
68 | 23 27 38 49
79 | 23 28 30 41
79 | 23 28 30 49
78 | 23 28 31 41
78 | 23 28 31 49
61 | 23 28 34 44
61 | 23 28 34 52
60 | 23 28 35 44
60 | 23 28 35 52
61 | 23 28 36 44
61 | 23 28 36 52
60 | 23 28 37 44
60 | 23 28 37 52
77 | 23 29 30 41
77 | 23 29 30 49
76 | 23 29 31 41
76 | 23 29 31 49
61 | 23 29 34 45
61 | 23 29 34 53
60 | 23 29 35 45
60 | 23 29 35 53
61 | 23 29 38 45
61 | 23 29 38 53
60 | 23 29 39 45
60 | 23 29 39 53
59 | 23 30 32 46
59 | 23 30 32 54
58 | 23 30 33 46
58 | 23 30 33 54
59 | 23 30 36 46
59 | 23 30 36 54
58 | 23 30 38 46
58 | 23 30 38 54
59 | 23 31 32 47
59 | 23 31 32 55
58 | 23 31 33 47
58 | 23 31 33 55
59 | 23 31 37 47
59 | 23 31 37 55
58 | 23 31 39 47
58 | 23 31 39 55
61 | 23 32 38 43
61 | 23 32 38 51
60 | 23 32 39 43
60 | 23 32 39 51
61 | 23 33 36 43
61 | 23 33 36 51
60 | 23 33 37 43
60 | 23 33 37 51
59 | 23 34 37 43
59 | 23 34 37 51
58 | 23 34 39 43
58 | 23 34 39 51
59 | 23 35 36 43
59 | 23 35 36 51
58 | 23 35 38 43
58 | 23 35 38 51
71 | 23 36 38 41
61 | 23 36 38 43
71 | 23 36 38 49
61 | 23 36 38 51
70 | 23 37 39 41
60 | 23 37 39 43
70 | 23 37 39 49
60 | 23 37 39 51
75 | 24 26 29 41
75 | 24 26 29 49
73 | 24 26 31 41
73 | 24 26 31 49
71 | 24 26 33 41
71 | 24 26 33 49
69 | 24 26 35 41
69 | 24 26 35 49
74 | 24 27 29 41
74 | 24 27 29 49
73 | 24 27 30 41
73 | 24 27 30 49
70 | 24 27 33 41
70 | 24 27 33 49
69 | 24 27 34 41
69 | 24 27 34 49
61 | 24 28 34 44
61 | 24 28 34 52
60 | 24 28 35 44
60 | 24 28 35 52
57 | 24 28 38 46
57 | 24 28 38 54
57 | 24 28 39 47
57 | 24 28 39 55
61 | 24 29 30 42
61 | 24 29 30 50
60 | 24 29 31 42
60 | 24 29 31 50
61 | 24 29 36 42
61 | 24 29 36 50
60 | 24 29 37 42
60 | 24 29 37 50
75 | 24 29 38 41
75 | 24 29 38 49
74 | 24 29 39 41
74 | 24 29 39 49
61 | 24 30 32 44
61 | 24 30 32 52
79 | 24 30 34 41
61 | 24 30 34 44
79 | 24 30 34 49
61 | 24 30 34 52
57 | 24 30 37 44
57 | 24 30 37 52
57 | 24 30 38 46
57 | 24 30 38 54
60 | 24 31 32 44
60 | 24 31 32 52
78 | 24 31 35 41
60 | 24 31 35 44
78 | 24 31 35 49
60 | 24 31 35 52
57 | 24 31 36 44
57 | 24 31 36 52
57 | 24 31 39 47
57 | 24 31 39 55
56 | 24 32 38 46
56 | 24 32 38 54
56 | 24 32 39 47
56 | 24 32 39 55
61 | 24 33 34 43
61 | 24 33 34 51
60 | 24 33 35 43
60 | 24 33 35 51
61 | 24 33 36 43
61 | 24 33 36 51
60 | 24 33 37 43
60 | 24 33 37 51
71 | 24 33 38 41
71 | 24 33 38 49
70 | 24 33 39 41
70 | 24 33 39 49
56 | 24 34 37 44
56 | 24 34 37 52
56 | 24 34 38 46
56 | 24 34 38 54
56 | 24 35 36 44
56 | 24 35 36 52
56 | 24 35 39 47
56 | 24 35 39 55
75 | 25 26 28 41
75 | 25 26 28 49
72 | 25 26 31 41
72 | 25 26 31 49
71 | 25 26 32 41
71 | 25 26 32 49
68 | 25 26 35 41
68 | 25 26 35 49
74 | 25 27 28 41
74 | 25 27 28 49
72 | 25 27 30 41
72 | 25 27 30 49
70 | 25 27 32 41
70 | 25 27 32 49
68 | 25 27 34 41
68 | 25 27 34 49
61 | 25 28 30 42
61 | 25 28 30 50
60 | 25 28 31 42
60 | 25 28 31 50
75 | 25 28 36 41
75 | 25 28 36 49
74 | 25 28 37 41
74 | 25 28 37 49
61 | 25 28 38 42
61 | 25 28 38 50
60 | 25 28 39 42
60 | 25 28 39 50
61 | 25 29 34 45
61 | 25 29 34 53
60 | 25 29 35 45
60 | 25 29 35 53
57 | 25 29 36 46
57 | 25 29 36 54
57 | 25 29 37 47
57 | 25 29 37 55
61 | 25 30 33 45
61 | 25 30 33 53
77 | 25 30 34 41
61 | 25 30 34 45
77 | 25 30 34 49
61 | 25 30 34 53
57 | 25 30 36 46
57 | 25 30 36 54
57 | 25 30 39 45
57 | 25 30 39 53
60 | 25 31 33 45
60 | 25 31 33 53
76 | 25 31 35 41
60 | 25 31 35 45
76 | 25 31 35 49
60 | 25 31 35 53
57 | 25 31 37 47
57 | 25 31 37 55
57 | 25 31 38 45
57 | 25 31 38 53
61 | 25 32 34 43
61 | 25 32 34 51
60 | 25 32 35 43
60 | 25 32 35 51
71 | 25 32 36 41
71 | 25 32 36 49
70 | 25 32 37 41
70 | 25 32 37 49
61 | 25 32 38 43
61 | 25 32 38 51
60 | 25 32 39 43
60 | 25 32 39 51
56 | 25 33 36 46
56 | 25 33 36 54
56 | 25 33 37 47
56 | 25 33 37 55
56 | 25 34 36 46
56 | 25 34 36 54
56 | 25 34 39 45
56 | 25 34 39 53
56 | 25 35 37 47
56 | 25 35 37 55
56 | 25 35 38 45
56 | 25 35 38 53
59 | 26 28 31 42
59 | 26 28 31 50
79 | 26 28 32 41
59 | 26 28 32 46
79 | 26 28 32 49
59 | 26 28 32 54
59 | 26 28 34 46
59 | 26 28 34 54
57 | 26 28 37 44
57 | 26 28 37 52
57 | 26 28 38 46
57 | 26 28 38 54
58 | 26 29 31 42
58 | 26 29 31 50
77 | 26 29 33 41
58 | 26 29 33 46
77 | 26 29 33 49
58 | 26 29 33 54
58 | 26 29 34 46
58 | 26 29 34 54
57 | 26 29 36 46
57 | 26 29 36 54
57 | 26 29 39 45
57 | 26 29 39 53
59 | 26 30 32 46
59 | 26 30 32 54
58 | 26 30 33 46
58 | 26 30 33 54
57 | 26 30 37 44
57 | 26 30 37 52
57 | 26 30 39 45
57 | 26 30 39 53
59 | 26 31 36 42
59 | 26 31 36 50
73 | 26 31 37 41
73 | 26 31 37 49
58 | 26 31 38 42
58 | 26 31 38 50
72 | 26 31 39 41
72 | 26 31 39 49
59 | 26 32 35 43
59 | 26 32 35 51
56 | 26 32 37 44
56 | 26 32 37 52
56 | 26 32 38 46
56 | 26 32 38 54
58 | 26 33 35 43
58 | 26 33 35 51
56 | 26 33 36 46
56 | 26 33 36 54
56 | 26 33 39 45
56 | 26 33 39 53
56 | 26 34 37 44
56 | 26 34 37 52
56 | 26 34 39 45
56 | 26 34 39 53
59 | 26 35 36 43
59 | 26 35 36 51
69 | 26 35 37 41
69 | 26 35 37 49
58 | 26 35 38 43
58 | 26 35 38 51
68 | 26 35 39 41
68 | 26 35 39 49
59 | 27 28 30 42
59 | 27 28 30 50
78 | 27 28 32 41
59 | 27 28 32 47
78 | 27 28 32 49
59 | 27 28 32 55
59 | 27 28 35 47
59 | 27 28 35 55
57 | 27 28 36 44
57 | 27 28 36 52
57 | 27 28 39 47
57 | 27 28 39 55
58 | 27 29 30 42
58 | 27 29 30 50
76 | 27 29 33 41
58 | 27 29 33 47
76 | 27 29 33 49
58 | 27 29 33 55
58 | 27 29 35 47
58 | 27 29 35 55
57 | 27 29 37 47
57 | 27 29 37 55
57 | 27 29 38 45
57 | 27 29 38 53
73 | 27 30 36 41
73 | 27 30 36 49
59 | 27 30 37 42
59 | 27 30 37 50
72 | 27 30 38 41
72 | 27 30 38 49
58 | 27 30 39 42
58 | 27 30 39 50
59 | 27 31 32 47
59 | 27 31 32 55
58 | 27 31 33 47
58 | 27 31 33 55
57 | 27 31 36 44
57 | 27 31 36 52
57 | 27 31 38 45
57 | 27 31 38 53
59 | 27 32 34 43
59 | 27 32 34 51
56 | 27 32 36 44
56 | 27 32 36 52
56 | 27 32 39 47
56 | 27 32 39 55
58 | 27 33 34 43
58 | 27 33 34 51
56 | 27 33 37 47
56 | 27 33 37 55
56 | 27 33 38 45
56 | 27 33 38 53
69 | 27 34 36 41
69 | 27 34 36 49
59 | 27 34 37 43
59 | 27 34 37 51
68 | 27 34 38 41
68 | 27 34 38 49
58 | 27 34 39 43
58 | 27 34 39 51
56 | 27 35 36 44
56 | 27 35 36 52
56 | 27 35 38 45
56 | 27 35 38 53
